ID,Category,Status,Latitude,Longitude
1,Drainage,Pending,23.257166870416885,77.41363988119201
2,Waste,Completed,23.258522751784675,77.4152866921999
3,Pothole,Completed,23.25667620336898,77.41164550556115
4,Waste,Completed,23.261520259995265,77.40797728555111
5,Streetlight,Pending,23.257404661031302,77.41223276747819
6,Pothole,Completed,23.260304824284173,77.41433703721334
7,Waste,Completed,23.25951704854351,77.41207712062675
8,Pothole,Pending,23.257940406300715,77.41359990694865
9,Waste,Pending,23.259916715084806,77.41395470957086
10,Drainage,Pending,23.258830412168578,77.41147953965388
11,Waste,Pending,23.26160797004141,77.41335598544799
12,Streetlight,Completed,23.257573700025407,77.41501438477115
13,Streetlight,Pending,23.260022347340218,77.41250644064114
14,Streetlight,Pending,23.261219450348374,77.41153132887922
15,Waste,Completed,23.262325352970855,77.41175779205648
16,Pothole,Completed,23.257822454488313,77.41027718191334
17,Streetlight,Completed,23.260679508807478,77.41347859453926
18,Pothole,Pending,23.25984683001894,77.41655341274718
19,Pothole,Completed,23.2628036947049,77.41018465567693
20,Waste,Completed,23.261021132715804,77.41004082597746
21,Waste,Pending,23.260864857006233,77.4119904947022
22,Streetlight,Completed,23.264047981319454,77.41491600744297
23,Waste,Completed,23.257329295396364,77.4132429698273
24,Waste,Cancelled,23.26222219152494,77.41250534684458
25,Waste,Pending,23.25908767344835,77.41297996628644
26,Waste,Pending,23.259405875030673,77.41280502690877
27,Streetlight,Completed,23.2592339684933,77.41178955697644
28,Waste,Pending,23.25956080370776,77.41177321899897
29,Streetlight,Pending,23.25940927292967,77.41206860413122
30,Pothole,Completed,23.26263339372978,77.41081815114069
31,Waste,Completed,23.259377472328733,77.41502425574737
32,Drainage,Pending,23.25789403406714,77.41206485656258
33,Water Supply,Completed,23.25961943170124,77.41417635806528
34,Pothole,Completed,23.258617244343657,77.40806016623219
35,Drainage,Completed,23.2612508896769,77.41128719733565
36,Pothole,Pending,23.262212705203197,77.40905278396116
37,Pothole,Completed,23.260298779548354,77.41532718492762
38,Streetlight,Cancelled,23.259932015423175,77.41443717924757
39,Waste,Pending,23.26199201996096,77.4142537539702
40,Pothole,Completed,23.259710873805282,77.41237915084618
41,Pothole,Pending,23.261245916986613,77.41492120738765
42,Pothole,Completed,23.257858870132964,77.41109480878241
43,Drainage,Pending,23.2617039882019,77.40955112681675
44,Waste,Pending,23.258182255184533,77.412140318424
45,Drainage,Completed,23.26150215734853,77.4116005405354
46,Waste,Completed,23.25898358356926,77.41612328054853
47,Waste,Completed,23.258144444261784,77.41508558840222
48,Pothole,Completed,23.258883810879492,77.41669386781776
49,Drainage,Pending,23.260477627554053,77.41136550739061
50,Waste,Completed,23.2573768038097,77.41377721192246
51,Water Supply,Pending,23.257124036507193,77.41251551693496
52,Streetlight,Pending,23.25694970365543,77.41156660665496
53,Pothole,Pending,23.258833387362202,77.41223204804436
54,Pothole,Completed,23.260890971082873,77.41510722813634
55,Pothole,Pending,23.258812243361696,77.4144691566274
56,Pothole,Pending,23.260926561820305,77.4113940496395
57,Water Supply,Pending,23.25967635706948,77.40960399738299
58,Pothole,Pending,23.25729689679123,77.41335988464023
59,Water Supply,Completed,23.25863359891093,77.4144259727133
60,Waste,Completed,23.25995635717766,77.41393681210347
61,Waste,Completed,23.260870644237666,77.41248594987441
62,Waste,Completed,23.257073352373304,77.41415471713816
63,Water Supply,Cancelled,23.264338998368512,77.41621602407102
64,Pothole,Completed,23.257933959614338,77.41680280371268
65,Streetlight,Pending,23.259968969984865,77.41326179162986
66,Pothole,Completed,23.257161316764748,77.41419492195199
67,Waste,Cancelled,23.260173937608954,77.4118890915535
68,Waste,Pending,23.258012018557178,77.41307948951169
69,Pothole,Cancelled,23.258506911539314,77.41222702271455
70,Streetlight,Completed,23.260456328999126,77.41291448846223
71,Pothole,Completed,23.259606434550008,77.41305394543225
72,Drainage,Pending,23.259149486249527,77.41004303270682
73,Streetlight,Pending,23.259577527131576,77.40914244291035
74,Waste,Completed,23.257011513738544,77.41415142195882
75,Waste,Cancelled,23.261542128554993,77.41210749137416
76,Pothole,Pending,23.258774800846147,77.41176911229587
77,Streetlight,Completed,23.25995375890257,77.40993247783862
78,Pothole,Cancelled,23.257784217588675,77.41605569779954
79,Streetlight,Cancelled,23.260651824522313,77.41410669018772
80,Pothole,Cancelled,23.26156105792456,77.41084138484108
81,Pothole,Completed,23.260244496996116,77.41296558627947
82,Pothole,Pending,23.26077333266589,77.41335486760919
83,Drainage,Pending,23.256993245565127,77.41336470148623
84,Waste,Cancelled,23.264646664667325,77.41095628210957
85,Drainage,Pending,23.259217846857233,77.4139335928513
86,Streetlight,Completed,23.261582926826485,77.40816267395542
87,Water Supply,Pending,23.26177860938278,77.41095875123165
88,Pothole,Completed,23.257583876465194,77.41341545512105
89,Pothole,Pending,23.25924063704514,77.41137149798416
90,Waste,Pending,23.255849838739604,77.4119504760593
91,Waste,Pending,23.260642813641642,77.41552384993359
92,Drainage,Pending,23.26209678119994,77.41382076247659
93,Waste,Pending,23.259423302612586,77.41377065433369
94,Pothole,Completed,23.258871130690288,77.40872145991518
95,Waste,Cancelled,23.25695436285803,77.4116313065478
96,Drainage,Pending,23.26280323733971,77.41512814785814
97,Waste,Completed,23.25970286860986,77.412419067451
98,Drainage,Pending,23.257724090757964,77.41004272919571
99,Water Supply,Completed,23.259879889213746,77.41082337244063
100,Pothole,Pending,23.258240096231944,77.41233533057418
101,Waste,Cancelled,23.26345220050098,77.41053697636085
102,Streetlight,Pending,23.261968230623896,77.4136549111651
103,Pothole,Completed,23.262613879021615,77.41246284110683
104,Pothole,Completed,23.260417038878753,77.41275111425459
105,Streetlight,Completed,23.262188866630318,77.41033815154142
106,Waste,Pending,23.258505411895122,77.41087797468195
107,Pothole,Completed,23.26022194223844,77.41192217182358
108,Waste,Pending,23.26236065123293,77.41522212118917
109,Pothole,Pending,23.26049616745589,77.4123648786362
110,Waste,Completed,23.259213609016676,77.41209016966951
111,Pothole,Completed,23.258610194288455,77.41387192749734
112,Waste,Completed,23.25945832098466,77.41206385287042
113,Waste,Pending,23.259507162401277,77.41465875146352
114,Water Supply,Completed,23.258530957514278,77.41097681804524
115,Waste,Completed,23.258126479778017,77.41471967290052
116,Water Supply,Completed,23.25970019514438,77.41068648818613
117,Pothole,Pending,23.25868039551834,77.41285033661467
118,Pothole,Completed,23.25943544575696,77.41170636513792
119,Pothole,Pending,23.259557176532105,77.41294293924894
120,Streetlight,Pending,23.26094820686693,77.41191284391606
121,Drainage,Completed,23.260440896329637,77.41287425292819
122,Water Supply,Completed,23.25880125063117,77.41499435367238
123,Waste,Pending,23.26462370401063,77.40935047171808
124,Pothole,Pending,23.2609880674744,77.41148497358239
125,Streetlight,Pending,23.26273782626274,77.41355485235462
126,Waste,Completed,23.259746997348945,77.4150987444249
127,Pothole,Completed,23.25799287618489,77.41480595735753
128,Waste,Pending,23.261421326448385,77.41002260673547
129,Waste,Completed,23.258837140401376,77.41200637616541
130,Water Supply,Completed,23.260763356555664,77.40919872461896
131,Pothole,Completed,23.257194222949504,77.41177149443723
132,Water Supply,Completed,23.261041454557635,77.4111322732242
133,Drainage,Pending,23.258284705806595,77.41417339174151
134,Pothole,Completed,23.25945264950691,77.41712737602603
135,Streetlight,Completed,23.260719561092294,77.41003334070136
136,Streetlight,Pending,23.261225425105977,77.4135802913815
137,Pothole,Pending,23.256591525635756,77.4101511176594
138,Drainage,Pending,23.25865186015715,77.41343084226936
139,Pothole,Pending,23.260414463794664,77.4150108164151
140,Waste,Pending,23.260560152066677,77.4131015079294
141,Waste,Pending,23.263014154622688,77.4105298611462
142,Water Supply,Pending,23.262814584155112,77.41515603103977
143,Streetlight,Completed,23.25917176198694,77.41240746763633
144,Drainage,Pending,23.259206683575577,77.41257230056924
145,Drainage,Pending,23.256748303744107,77.40992654613801
146,Pothole,Pending,23.257920776098484,77.41059823652206
147,Water Supply,Completed,23.258877872379692,77.41091644141103
148,Waste,Pending,23.25676107218351,77.41463807918788
149,Waste,Completed,23.26555902713374,77.40998167143506
150,Drainage,Pending,23.260982772762475,77.41401306152241
151,Water Supply,Pending,23.257225875168196,77.41154093204817
152,Waste,Pending,23.25827140484719,77.41142441401719
153,Waste,Pending,23.260435000647504,77.4142460631398
154,Waste,Completed,23.26312695104694,77.40650432193246
155,Pothole,Pending,23.26067810905911,77.41237239415398
156,Pothole,Cancelled,23.260668202900693,77.4155073462488
157,Drainage,Pending,23.26053088536253,77.4101308346938
158,Streetlight,Completed,23.259047231182446,77.41130767116316
159,Drainage,Pending,23.259543277287055,77.41323010892795
160,Water Supply,Completed,23.25991442370562,77.41157693647745
161,Waste,Pending,23.261183957817238,77.40965312442863
162,Waste,Pending,23.25896030306087,77.4140596515804
163,Streetlight,Completed,23.26126605763376,77.41157109335292
164,Pothole,Completed,23.259113267069562,77.41065723144446
165,Drainage,Cancelled,23.258641958593707,77.41449021140734
166,Drainage,Completed,23.26145169300537,77.41447794698081
167,Drainage,Pending,23.257625145229934,77.40998674015864
168,Streetlight,Pending,23.259184377508298,77.41634506996343
169,Streetlight,Completed,23.261138734876145,77.40725626648727
170,Water Supply,Pending,23.258687822274695,77.41276106030007
171,Streetlight,Completed,23.263706670012308,77.4109122511315
172,Drainage,Pending,23.258762354484674,77.41181497210097
173,Pothole,Completed,23.25775349199744,77.41410313400932
174,Water Supply,Pending,23.260156286338862,77.4109181539669
175,Drainage,Completed,23.26036314134699,77.41343422990184
176,Waste,Pending,23.262073310804954,77.41195267410417
177,Water Supply,Pending,23.260763803064535,77.41059272367164
178,Drainage,Cancelled,23.256986706116052,77.4101789994276
179,Streetlight,Cancelled,23.25911248127843,77.41367940446406
180,Drainage,Pending,23.25930175111083,77.41539968039483
181,Waste,Pending,23.25986380439991,77.41253895693454
182,Streetlight,Pending,23.260287322140144,77.41260085018921
183,Waste,Pending,23.25796511040398,77.40983904317271
184,Pothole,Completed,23.259691271167796,77.41196865027042
185,Pothole,Pending,23.257839319856668,77.41247623685722
186,Drainage,Completed,23.258722488231847,77.41205679631454
187,Streetlight,Pending,23.26331577394368,77.4138837807945
188,Drainage,Pending,23.259232693825947,77.41382158315899
189,Pothole,Pending,23.262707981252888,77.41136543305947
190,Streetlight,Completed,23.261960050087282,77.4119488185764
191,Waste,Cancelled,23.257572442284896,77.41466418011775
192,Drainage,Cancelled,23.26018338278242,77.40969297953261
193,Pothole,Pending,23.258871186884477,77.41063112254997
194,Waste,Pending,23.252751635497017,77.41452920600356
195,Drainage,Pending,23.258674488154575,77.41343354142053
196,Waste,Pending,23.259987838692673,77.4126097466206
197,Pothole,Pending,23.261834719573425,77.41259028302737
198,Waste,Completed,23.257878763892037,77.41024213499738
199,Water Supply,Pending,23.261757745060546,77.41109225537694
200,Streetlight,Completed,23.263029043829896,77.41069955762386
201,Pothole,Cancelled,23.26054746873058,77.40742687508407
202,Pothole,Pending,23.259535880585624,77.41376595050183
203,Pothole,Completed,23.260056210768205,77.41299160029452
204,Pothole,Completed,23.260964066375674,77.41701895664194
205,Waste,Pending,23.25689238070108,77.40979650628327
206,Pothole,Completed,23.26153689537822,77.41373295740401
207,Waste,Pending,23.26131647743998,77.41399489461628
208,Waste,Completed,23.25886459604936,77.4127609408259
209,Pothole,Pending,23.257751105063598,77.41273670543906
210,Pothole,Completed,23.26232517698446,77.41497411354412
211,Pothole,Completed,23.25796991371257,77.41285795204202
212,Waste,Completed,23.258453619197287,77.41168811473803
213,Pothole,Pending,23.258030847647312,77.41317611593146
214,Waste,Completed,23.259283457348474,77.41336798650104
215,Pothole,Cancelled,23.25861881569148,77.41390501424259
216,Pothole,Pending,23.258337683570602,77.41249233966239
217,Waste,Completed,23.262222458897735,77.41031384737599
218,Waste,Pending,23.25786196839229,77.41229634203681
219,Waste,Completed,23.259457266751916,77.41451329254285
220,Waste,Pending,23.263146459455143,77.41106986004229
221,Water Supply,Completed,23.258729639753398,77.41075850330795
222,Pothole,Completed,23.25967159567894,77.40964483030857
223,Waste,Completed,23.257611195670233,77.40951213457731
224,Streetlight,Pending,23.25793954209694,77.41096772156482
225,Waste,Completed,23.25878244578445,77.41399339826357
226,Waste,Pending,23.260881190595704,77.41320260990001
227,Pothole,Pending,23.259930565156047,77.412984329783
228,Pothole,Completed,23.256981805274933,77.41027693247726
229,Streetlight,Completed,23.263065815719163,77.41185171769145
230,Waste,Pending,23.260219086888615,77.41368134389273
231,Pothole,Pending,23.258722854364873,77.41485450275258
232,Streetlight,Completed,23.261480543899903,77.4131067129374
233,Streetlight,Completed,23.258068980608137,77.41184217474431
234,Pothole,Completed,23.261648032896154,77.41259059365302
235,Pothole,Completed,23.26119321963446,77.40861061936005
236,Waste,Completed,23.25976761677228,77.41502541987248
237,Streetlight,Completed,23.258999310208388,77.41340063771825
238,Waste,Completed,23.26205335530839,77.41264799495944
239,Waste,Completed,23.256735324067847,77.41842791221356
240,Waste,Completed,23.259015322938087,77.41245423546881
241,Pothole,Completed,23.25690319602661,77.4099672483722
242,Pothole,Completed,23.260152273596013,77.40977873257614
243,Waste,Pending,23.260559474078157,77.4122894840478
244,Waste,Pending,23.261836805266444,77.41342347050751
245,Pothole,Completed,23.261044046049044,77.41201257413513
246,Drainage,Completed,23.260845576827617,77.41515598312996
247,Drainage,Pending,23.262151240432743,77.41183385616607
248,Drainage,Completed,23.26300936537538,77.4098216761383
249,Water Supply,Pending,23.2608385293111,77.41418654647897
250,Streetlight,Completed,23.258365864115625,77.41213003721069
251,Waste,Pending,23.260662579366894,77.40873971844246
252,Waste,Pending,23.257018101917627,77.41119978312854
253,Pothole,Pending,23.25706862261678,77.41239454629734
254,Waste,Cancelled,23.261630720838355,77.41455250329949
255,Waste,Completed,23.261933372416273,77.41123198254769
256,Water Supply,Completed,23.259340615098317,77.41254822700967
257,Streetlight,Completed,23.261186053087645,77.41295184144492
258,Waste,Completed,23.261892863009113,77.41338043952301
259,Waste,Completed,23.254819133414554,77.41014103748068
260,Streetlight,Pending,23.25358697114815,77.4116814569914
261,Streetlight,Pending,23.256687278805313,77.41145892654728
262,Waste,Cancelled,23.261631152784414,77.41308760716623
263,Streetlight,Completed,23.258711178712048,77.41283010776556
264,Waste,Pending,23.26048825696549,77.41116229589704
265,Waste,Pending,23.26279084028591,77.41313909490617
266,Streetlight,Completed,23.259060684390633,77.41580385650921
267,Streetlight,Completed,23.260390890271864,77.41308635866466
268,Drainage,Pending,23.258365384696916,77.41158745167928
269,Drainage,Pending,23.258146256097582,77.41140920727159
270,Pothole,Completed,23.257965059814104,77.41084404193624
271,Waste,Pending,23.26295699232546,77.41251195455814
272,Pothole,Completed,23.262076248118333,77.41319851398606
273,Waste,Pending,23.260148342388618,77.40833072681087
274,Streetlight,Completed,23.257773868908757,77.41601736531629
275,Waste,Pending,23.258577054280458,77.41175984328136
276,Streetlight,Pending,23.259621881817363,77.4073888960376
277,Waste,Pending,23.25925767922126,77.41121147178318
278,Streetlight,Completed,23.25872053573005,77.41252330857222
279,Waste,Completed,23.25896065154544,77.41127034009308
280,Drainage,Pending,23.260083328871495,77.41394352619524
281,Drainage,Pending,23.261415168665916,77.40967462146773
282,Waste,Completed,23.260522690198698,77.4105883051543
283,Pothole,Completed,23.26237025385138,77.41290345267356
284,Streetlight,Cancelled,23.261945784109688,77.41248329559424
285,Waste,Completed,23.26181000032909,77.41124175157073
286,Waste,Pending,23.26165899560932,77.41204775644016
287,Streetlight,Completed,23.262653204364128,77.41494757694693
288,Streetlight,Completed,23.259937111703216,77.41296423149525
289,Waste,Pending,23.259940825562424,77.41104440684379
290,Water Supply,Completed,23.26109801640206,77.41583458234983
291,Water Supply,Pending,23.260606146817164,77.4151161845975
292,Water Supply,Pending,23.259357153692495,77.41343129460414
293,Drainage,Pending,23.261126600071673,77.4121155433354
294,Waste,Completed,23.2635393984923,77.40867099008705
295,Drainage,Cancelled,23.262197651091107,77.41220850438923
296,Drainage,Pending,23.259302256900323,77.41076983172715
297,Waste,Completed,23.261146308533025,77.41696293531474
298,Pothole,Pending,23.25768198054869,77.41146095942436
299,Streetlight,Pending,23.257611031672376,77.40911872556819
300,Water Supply,Pending,23.260636464632963,77.41370735792026
301,Drainage,Pending,23.262945382226356,77.4147306969311
302,Water Supply,Cancelled,23.258370202090457,77.41477784869744
303,Pothole,Pending,23.257300150710797,77.41357037131702
304,Streetlight,Pending,23.260675231010307,77.41209900277399
305,Waste,Pending,23.260731248459027,77.41137092744268
306,Drainage,Pending,23.259237148176073,77.413072540428
307,Waste,Pending,23.262316716492638,77.41333964782615
308,Pothole,Completed,23.257057687362316,77.4153329334984
309,Waste,Cancelled,23.258541422375508,77.41256349059627
310,Pothole,Completed,23.26005659850063,77.4115718338366
311,Waste,Pending,23.25927909222996,77.41112670515179
312,Waste,Completed,23.26035416492463,77.41434454570636
313,Streetlight,Completed,23.261800600571718,77.41464701549587
314,Waste,Completed,23.261717632086604,77.4129620725156
315,Waste,Completed,23.260033275485814,77.41033518508029
316,Drainage,Pending,23.26303641031273,77.41261738189037
317,Waste,Pending,23.256970721680187,77.4111600689257
318,Waste,Pending,23.260389614565444,77.41581564643897
319,Pothole,Completed,23.259950692017597,77.41368113130885
320,Streetlight,Cancelled,23.259118241772804,77.40737040327406
321,Waste,Pending,23.25819873414396,77.4082489227941
322,Pothole,Completed,23.26182521080465,77.41325965636713
323,Streetlight,Completed,23.26104641809685,77.41354529101065
324,Pothole,Pending,23.260863220829986,77.41072750835156
325,Streetlight,Pending,23.259126717568073,77.40956039418595
326,Waste,Completed,23.258819558508016,77.41884730412683
327,Drainage,Completed,23.258788475067,77.41100460685527
328,Drainage,Completed,23.259377643716387,77.41364535078036
329,Waste,Pending,23.2613389268579,77.41306058195266
330,Pothole,Completed,23.261406593040142,77.4129547587018
331,Drainage,Pending,23.260369261431084,77.41006938698341
332,Drainage,Pending,23.263466781843295,77.41384373034573
333,Pothole,Pending,23.26425253675347,77.4132933693174
334,Pothole,Completed,23.258299626393626,77.41098283177418
335,Drainage,Pending,23.259724047239676,77.41306052749867
336,Streetlight,Completed,23.26040870262986,77.41578971388478
337,Pothole,Completed,23.26139814219941,77.41562637393173
338,Pothole,Completed,23.258313567936526,77.4122228881974
339,Drainage,Completed,23.25941046462146,77.4123158887372
340,Drainage,Completed,23.25843745042769,77.41459670841192
341,Water Supply,Pending,23.261573102110525,77.41142652200725
342,Waste,Pending,23.259245330098807,77.41233474215554
343,Streetlight,Pending,23.26135277099132,77.41252897522266
344,Pothole,Completed,23.25525522052221,77.41203285129014
345,Waste,Pending,23.259495877457862,77.41516178041
346,Waste,Pending,23.257444839885913,77.41527846606778
347,Pothole,Completed,23.26134509424317,77.41227534870008
348,Streetlight,Completed,23.255584264062655,77.41449781363126
349,Streetlight,Completed,23.26196973708021,77.41414751322286
350,Waste,Pending,23.256308272274573,77.41195356711147
351,Pothole,Completed,23.26227088959042,77.41078581746599
352,Waste,Cancelled,23.26023562444304,77.41467092110926
353,Streetlight,Pending,23.263010346706384,77.41365712531349
354,Waste,Completed,23.257311097511575,77.41064668635155
355,Pothole,Cancelled,23.25649092445726,77.41541077901451
356,Drainage,Pending,23.259562561598884,77.41172864112009
357,Pothole,Completed,23.26257124030063,77.40993000230414
358,Waste,Completed,23.25840140960147,77.41226261466693
359,Drainage,Pending,23.262772338376696,77.41546067665172
360,Streetlight,Completed,23.26016001872013,77.41541567075437
361,Waste,Cancelled,23.258796198525037,77.40970236312751
362,Pothole,Pending,23.259134659565078,77.4080700516508
363,Waste,Pending,23.260590662699006,77.40963866107744
364,Waste,Pending,23.260606465555345,77.41488148626921
365,Pothole,Completed,23.258804632437673,77.40871313330918
366,Streetlight,Completed,23.25870908528337,77.40813180450465
367,Waste,Pending,23.259652016519386,77.41485739507215
368,Pothole,Completed,23.25947171942943,77.41411487411467
369,Water Supply,Completed,23.25760069098065,77.41454686812835
370,Pothole,Completed,23.259150557748804,77.41234906240527
371,Waste,Pending,23.2621192701136,77.41286295581442
372,Pothole,Pending,23.25657148293062,77.41250311704646
373,Drainage,Pending,23.25758822224553,77.41181776884302
374,Streetlight,Pending,23.260323844728276,77.41570353453862
375,Waste,Pending,23.259151497228125,77.41069250958849
376,Drainage,Completed,23.258044658683183,77.41409582175379
377,Pothole,Completed,23.258152033019552,77.41213948334325
378,Pothole,Pending,23.259200812049183,77.41361287109079
379,Water Supply,Pending,23.258388550204547,77.40952669840418
380,Waste,Pending,23.2580359031892,77.41132392021822
381,Pothole,Completed,23.259738183675857,77.41627714517655
382,Drainage,Completed,23.263091755266494,77.41543431146029
383,Streetlight,Completed,23.258353632817723,77.41590330091589
384,Drainage,Pending,23.259862627296165,77.4113366524064
385,Pothole,Pending,23.257604448993227,77.41385087676979
386,Waste,Pending,23.25950851975153,77.41451419067226
387,Pothole,Completed,23.26203190053355,77.41394542477016
388,Pothole,Completed,23.261151360472724,77.41138418765428
389,Streetlight,Pending,23.2597476358522,77.41465945129791
390,Waste,Pending,23.262202443626077,77.41245410416767
391,Pothole,Completed,23.261556054634635,77.41299826265156
392,Streetlight,Pending,23.257559506957623,77.41067364001103
393,Pothole,Pending,23.26054058406685,77.41473321526557
394,Pothole,Pending,23.262454536437517,77.41029310296453
395,Streetlight,Cancelled,23.25684932953452,77.40905462110909
396,Streetlight,Pending,23.260865785866898,77.4128096758116
397,Drainage,Pending,23.260505872258193,77.41475544076667
398,Streetlight,Completed,23.259810874222723,77.4125292422971
399,Streetlight,Pending,23.25822720267033,77.41497281313595
400,Streetlight,Pending,23.25979870640623,77.4135018210207
401,Streetlight,Pending,23.27190500482592,77.42741543276267
402,Drainage,Pending,23.2655781921003,77.42825793774938
403,Waste,Pending,23.269747337229035,77.43244360267143
404,Pothole,Pending,23.27154857741232,77.42891465212713
405,Streetlight,Pending,23.269572165948873,77.43023910330085
406,Waste,Completed,23.269033071337233,77.42784914015671
407,Pothole,Completed,23.268874910493356,77.4297274439968
408,Waste,Pending,23.26772419517782,77.43220152681324
409,Pothole,Completed,23.272385931577453,77.42889657311865
410,Pothole,Cancelled,23.270324243355326,77.4301367124417
411,Water Supply,Completed,23.27190154778058,77.43205386318958
412,Waste,Pending,23.267518582594317,77.43178733339381
413,Pothole,Completed,23.27147449552175,77.4285054963084
414,Waste,Completed,23.267294499742075,77.42809796813508
415,Waste,Completed,23.2687410658169,77.43422360595969
416,Waste,Cancelled,23.27102022346776,77.43132511021048
417,Pothole,Completed,23.268873418020902,77.42747494340482
418,Waste,Pending,23.26769778118629,77.43414568645481
419,Streetlight,Cancelled,23.271682527053095,77.43146334537961
420,Streetlight,Pending,23.272539641942554,77.42501480877658
421,Streetlight,Completed,23.271081271506755,77.43175091830699
422,Waste,Pending,23.27077638677602,77.4293063009367
423,Water Supply,Completed,23.271677095602996,77.42828962773093
424,Pothole,Completed,23.271197475134336,77.43155840623365
425,Water Supply,Completed,23.27268833536965,77.43104074163294
426,Streetlight,Pending,23.270158788885873,77.43250103957004
427,Waste,Cancelled,23.269393818120594,77.42820829167819
428,Streetlight,Pending,23.269154967624083,77.42906173517012
429,Waste,Completed,23.27054418730711,77.4309683585119
430,Pothole,Cancelled,23.27113057391948,77.43486028572151
431,Streetlight,Completed,23.27098115766991,77.42898738822467
432,Waste,Completed,23.26769741395969,77.43244757288626
433,Waste,Pending,23.268946750375445,77.42863260570623
434,Pothole,Pending,23.27020032311378,77.43204671104024
435,Pothole,Completed,23.268795170437613,77.43055749283825
436,Pothole,Pending,23.270523802950276,77.42928662482173
437,Waste,Pending,23.26507382945737,77.4285115147317
438,Drainage,Pending,23.270295215835695,77.43159104094731
439,Streetlight,Cancelled,23.26646510231097,77.42816880653058
440,Waste,Completed,23.269300438728592,77.43164352206655
441,Drainage,Pending,23.270776188222214,77.43037263105917
442,Streetlight,Completed,23.26946895103027,77.43320591516627
443,Streetlight,Completed,23.270776808006502,77.42873937420308
444,Pothole,Completed,23.270210058035957,77.42901167501081
445,Waste,Completed,23.26984374741831,77.42888226047664
446,Waste,Pending,23.272645740596314,77.42988706538812
447,Pothole,Pending,23.26822848137149,77.42989580367566
448,Streetlight,Completed,23.27385970611858,77.42934734030274
449,Pothole,Pending,23.269815021864776,77.43252977384883
450,Water Supply,Pending,23.27171503529231,77.42752620177914
451,Drainage,Completed,23.26647896565204,77.42950323933646
452,Pothole,Pending,23.268190486366965,77.43361349096675
453,Waste,Pending,23.26684379428371,77.42773507011303
454,Pothole,Pending,23.269243792670643,77.42802406468498
455,Water Supply,Pending,23.26990794318249,77.42942463134936
456,Drainage,Pending,23.269799067527963,77.4311493798924
457,Waste,Pending,23.2725278708851,77.43139674711415
458,Waste,Cancelled,23.269764627359958,77.42894003666795
459,Pothole,Pending,23.27288092161868,77.42898689420247
460,Waste,Pending,23.271488358284298,77.42962251785754
461,Drainage,Pending,23.26812545124617,77.43362859603995
462,Waste,Completed,23.273289492932246,77.42778982086882
463,Water Supply,Pending,23.271635983952528,77.42684536201686
464,Water Supply,Completed,23.26486267346174,77.43191876288883
465,Water Supply,Completed,23.270960777320646,77.42897942265466
466,Waste,Pending,23.26837814616934,77.4266616976129
467,Waste,Completed,23.276173716166817,77.42651699343938
468,Drainage,Pending,23.269349735725275,77.43081912702895
469,Waste,Completed,23.268131388377586,77.42989920077038
470,Waste,Pending,23.270714516420583,77.43117857902013
471,Streetlight,Completed,23.270736658457896,77.42925660165815
472,Pothole,Pending,23.269748711877398,77.43046330471746
473,Pothole,Completed,23.269821579422345,77.42772216822046
474,Waste,Completed,23.26991505836596,77.42751365907677
475,Pothole,Pending,23.272983553415177,77.43090053600883
476,Streetlight,Completed,23.269712491726054,77.43255511085793
477,Drainage,Completed,23.266135042232854,77.43265583648035
478,Waste,Pending,23.26755619181897,77.42732629278966
479,Drainage,Pending,23.270096964616336,77.42826267147917
480,Pothole,Completed,23.271244660597677,77.43096494820452
481,Pothole,Completed,23.266354537999863,77.43306825292332
482,Waste,Pending,23.270200133580115,77.42975784258618
483,Streetlight,Completed,23.268037955077332,77.42686328263969
484,Waste,Pending,23.27088832731622,77.4265499594587
485,Pothole,Completed,23.269264608687138,77.43286513248533
486,Waste,Pending,23.268049983243248,77.42610657655524
487,Water Supply,Pending,23.270164717902613,77.43161687945563
488,Pothole,Pending,23.267402601223587,77.42937033970269
489,Streetlight,Pending,23.268690865573948,77.43324641185991
490,Streetlight,Pending,23.268673225580468,77.43183651114006
491,Pothole,Completed,23.269200359008508,77.43131672662848
492,Streetlight,Completed,23.27380396335184,77.43198382414148
493,Pothole,Pending,23.27215086642561,77.42929336847318
494,Streetlight,Completed,23.2692432450525,77.42911060473119
495,Pothole,Completed,23.27017970699057,77.42990785317832
496,Waste,Pending,23.266612966585203,77.43079639175322
497,Streetlight,Completed,23.270703971466567,77.42831668916989
498,Pothole,Completed,23.27309317812563,77.43295028372113
499,Streetlight,Cancelled,23.26814273132131,77.43335262658097
500,Streetlight,Cancelled,23.267696715324572,77.43224645324119
501,Pothole,Pending,23.26830139488231,77.43288257481865
502,Pothole,Completed,23.273656995929546,77.4292588037856
503,Waste,Completed,23.270146139358136,77.42999679393104
504,Drainage,Completed,23.27300086077788,77.43272464237714
505,Drainage,Completed,23.270656282405806,77.43042335804711
506,Streetlight,Pending,23.272023621538143,77.42551074901282
507,Pothole,Completed,23.267559430708438,77.428179165147
508,Waste,Cancelled,23.26915191674911,77.4322244842541
509,Waste,Pending,23.27224356245239,77.43259805680049
510,Waste,Completed,23.27300142056777,77.43038365379287
511,Streetlight,Completed,23.271437063996615,77.42961128299893
512,Waste,Pending,23.270620361531677,77.4301713669514
513,Pothole,Completed,23.271210514388578,77.42805476718672
514,Drainage,Pending,23.26872633330353,77.42618277816177
515,Streetlight,Pending,23.27035393989118,77.42908588480859
516,Water Supply,Completed,23.270693518636293,77.42911480857708
517,Waste,Completed,23.268656520589158,77.42915367047995
518,Water Supply,Pending,23.27085701864207,77.43005550668151
519,Pothole,Completed,23.269261896261085,77.42926827017794
520,Waste,Completed,23.274099966430605,77.43323483616251
521,Streetlight,Completed,23.27410262960557,77.43155181168248
522,Pothole,Completed,23.271476040164863,77.43084074214798
523,Drainage,Pending,23.27071426626626,77.43047530322785
524,Streetlight,Completed,23.268273875556602,77.42796119728364
525,Drainage,Completed,23.26986543430499,77.43251665967058
526,Waste,Pending,23.26675901204467,77.42986391094742
527,Pothole,Pending,23.271432800936363,77.42773963090737
528,Drainage,Pending,23.270509447961807,77.42959889386253
529,Waste,Pending,23.272141779891946,77.43447822247862
530,Waste,Pending,23.272322288928606,77.42938884067195
531,Pothole,Completed,23.272567309235075,77.4300285986826
532,Waste,Completed,23.271810267670595,77.43115752508682
533,Waste,Pending,23.268216352708926,77.42975382862312
534,Pothole,Completed,23.266085965492106,77.42889750078156
535,Pothole,Completed,23.266637132433278,77.43084296795337
536,Drainage,Pending,23.27030941902248,77.43298564645394
537,Waste,Pending,23.275202393787527,77.43036723997878
538,Waste,Cancelled,23.270686587653447,77.43083688411114
539,Waste,Cancelled,23.270787411317365,77.42736899384907
540,Pothole,Completed,23.27149765422885,77.43060705143338
541,Waste,Cancelled,23.27156504548866,77.43236558312755
542,Water Supply,Pending,23.270032159837076,77.42813765310514
543,Waste,Pending,23.269168956710793,77.43129501134442
544,Drainage,Pending,23.271275135036273,77.42597778197181
545,Drainage,Pending,23.267312040497732,77.42984968798908
546,Waste,Pending,23.26956743980334,77.42836291157604
547,Streetlight,Pending,23.26983243567669,77.42778272878725
548,Streetlight,Pending,23.270414360392195,77.43079743959426
549,Pothole,Pending,23.270397151463726,77.43349096018075
550,Waste,Completed,23.267485003460774,77.43100817535621
551,Streetlight,Completed,23.268812141702742,77.4319852155614
552,Streetlight,Completed,23.26675467285672,77.43287001196133
553,Pothole,Completed,23.270798991795893,77.42965141490043
554,Pothole,Completed,23.271683397968243,77.43244259676658
555,Streetlight,Completed,23.2690651818863,77.43014964412328
556,Pothole,Pending,23.27021911931469,77.43175455620201
557,Drainage,Pending,23.273213916954372,77.43060674771777
558,Streetlight,Completed,23.27227132181722,77.43019463668642
559,Waste,Pending,23.273547147880475,77.43400672978986
560,Waste,Completed,23.267236715150897,77.42755181102851
561,Waste,Pending,23.27111339964053,77.4302500954456
562,Pothole,Completed,23.266007836450594,77.43089383541995
563,Streetlight,Completed,23.269825230195906,77.43211183214783
564,Waste,Completed,23.27110844386779,77.43199058327065
565,Drainage,Pending,23.267045751203117,77.42661215655204
566,Waste,Pending,23.269367736949256,77.42853538596232
567,Waste,Pending,23.271152718153616,77.42917089255897
568,Water Supply,Completed,23.271432660427173,77.43034861830542
569,Streetlight,Completed,23.271623851824977,77.42818524387418
570,Waste,Pending,23.271941998052245,77.43087094956157
571,Waste,Pending,23.27040149253541,77.42530015497047
572,Streetlight,Completed,23.270014705648318,77.42826560106991
573,Drainage,Pending,23.27348620765118,77.42842082686184
574,Waste,Pending,23.26859568116244,77.43347210153641
575,Waste,Completed,23.272677861622373,77.42854235560587
576,Pothole,Completed,23.270708630820508,77.42893075335986
577,Waste,Cancelled,23.269461388147477,77.43419370004241
578,Pothole,Pending,23.269936837100847,77.42977083706332
579,Waste,Completed,23.27269455178517,77.42977245361875
580,Streetlight,Completed,23.268019319455423,77.42686237167301
581,Streetlight,Completed,23.27209733615549,77.42825326237092
582,Streetlight,Completed,23.270652270273075,77.43109136507347
583,Streetlight,Completed,23.271333404771546,77.42882135266599
584,Waste,Cancelled,23.26896830743671,77.4281244836329
585,Streetlight,Pending,23.27045109299799,77.43087421753104
586,Waste,Pending,23.27180394729731,77.43103492643914
587,Pothole,Completed,23.272071403134834,77.42903668777737
588,Waste,Completed,23.26856258919083,77.4308661576848
589,Waste,Completed,23.274157231225207,77.42857533449306
590,Pothole,Completed,23.272288845607715,77.42952955878403
591,Streetlight,Cancelled,23.27377583223524,77.43201329976525
592,Waste,Pending,23.268772336817808,77.4320882739297
593,Streetlight,Pending,23.27199825904851,77.43173972476743
594,Waste,Pending,23.26913003842076,77.42661887027488
595,Waste,Pending,23.271186189174085,77.43053053352799
596,Pothole,Completed,23.268839320326343,77.4316234567814
597,Streetlight,Pending,23.27071487995206,77.43260486078698
598,Drainage,Pending,23.268095928960708,77.4315366701564
599,Pothole,Pending,23.270688439562665,77.43086536826938
600,Drainage,Completed,23.272471023886087,77.4292089289925
601,Waste,Pending,23.26854971338193,77.42951131767917
602,Drainage,Completed,23.267662118114362,77.43089075726628
603,Pothole,Pending,23.27006495175859,77.4310044428396
604,Streetlight,Completed,23.269184181116703,77.42931892147769
605,Waste,Completed,23.269391535239652,77.42756892596432
606,Water Supply,Completed,23.271429155215543,77.43148981714457
607,Water Supply,Pending,23.270259996607457,77.42889728305633
608,Drainage,Completed,23.270065720507667,77.42786052045409
609,Pothole,Pending,23.271212718022436,77.43130881618629
610,Streetlight,Completed,23.27179677285225,77.42954039322261
611,Drainage,Completed,23.27097512249994,77.42581309576134
612,Streetlight,Completed,23.27072454312432,77.43005469362978
613,Pothole,Completed,23.27026964468019,77.43254266303629
614,Water Supply,Completed,23.27294425898023,77.4301288566501
615,Water Supply,Pending,23.2742194620102,77.42916194767858
616,Waste,Pending,23.269244485363217,77.42969535288988
617,Streetlight,Pending,23.273195440559125,77.42829973372363
618,Pothole,Pending,23.271836803587448,77.43128268276391
619,Waste,Completed,23.268453537019973,77.42863659078814
620,Pothole,Completed,23.271985821951954,77.43070906738633
621,Waste,Pending,23.271760655284353,77.42996850162221
622,Water Supply,Completed,23.266065054233813,77.4300060857056
623,Pothole,Cancelled,23.26730745401329,77.43257902776418
624,Drainage,Pending,23.270715907865494,77.42829545535334
625,Streetlight,Completed,23.266218545726446,77.42875732332821
626,Drainage,Pending,23.272778487183068,77.42842891707022
627,Pothole,Pending,23.270879353879003,77.43045660020054
628,Waste,Completed,23.273461590056467,77.4311876682488
629,Waste,Completed,23.27133192482658,77.42694881910202
630,Streetlight,Pending,23.269109891565122,77.43135923155063
631,Pothole,Pending,23.276455959315424,77.4294886869548
632,Pothole,Pending,23.27061867392432,77.42671746186329
633,Pothole,Completed,23.270076203657002,77.43203836154224
634,Streetlight,Completed,23.26684177949312,77.43022124001813
635,Pothole,Completed,23.270177767748017,77.42812202730178
636,Drainage,Pending,23.26955496177187,77.43086042795814
637,Drainage,Pending,23.26942471466489,77.43156712696513
638,Waste,Pending,23.269248932573007,77.42838743948248
639,Waste,Completed,23.27089805691636,77.4287767669667
640,Pothole,Pending,23.271619327954976,77.42994395234413
641,Waste,Completed,23.2705777855779,77.43058706476927
642,Pothole,Pending,23.271711204853542,77.4277497156554
643,Waste,Pending,23.267364567178372,77.43413738827422
644,Waste,Pending,23.26972519545711,77.43245644797634
645,Pothole,Completed,23.272485404850677,77.43147627345287
646,Pothole,Pending,23.271746037905373,77.42968396120158
647,Pothole,Pending,23.271017417199495,77.4323659362608
648,Pothole,Pending,23.269892184344712,77.42993409998769
649,Water Supply,Pending,23.27165631651843,77.43098379265665
650,Pothole,Cancelled,23.270312381391005,77.42737869288884
651,Waste,Completed,23.27099458319663,77.42705822053306
652,Pothole,Completed,23.267643523029115,77.43230401489824
653,Pothole,Completed,23.269151752771077,77.42826078642334
654,Pothole,Completed,23.269030010374287,77.42698306541543
655,Pothole,Pending,23.270351510458454,77.42753740083702
656,Drainage,Completed,23.269728126370758,77.42848553186826
657,Drainage,Completed,23.269689624569605,77.4308919019102
658,Pothole,Pending,23.27330112645498,77.42706042325791
659,Pothole,Pending,23.26853075344116,77.42988943319517
660,Pothole,Pending,23.268536550021143,77.4281745417773
661,Waste,Completed,23.27053296779178,77.43200337543897
662,Waste,Pending,23.270045217733816,77.43104730375215
663,Waste,Completed,23.27184488097914,77.4299278278611
664,Streetlight,Cancelled,23.272529641255453,77.43044989620466
665,Streetlight,Pending,23.26983928977128,77.42998835227004
666,Water Supply,Pending,23.26980134902239,77.43495055847397
667,Water Supply,Completed,23.269107588313055,77.43104681215243
668,Waste,Pending,23.271447783662165,77.42887724603493
669,Pothole,Completed,23.274474258772802,77.42969134206012
670,Pothole,Completed,23.273127753679795,77.43031952713837
671,Pothole,Completed,23.270559654426513,77.43427585724703
672,Pothole,Pending,23.268960528362477,77.43096803647248
673,Pothole,Cancelled,23.272570107275428,77.42842875793771
674,Waste,Pending,23.26882913581421,77.43085057224364
675,Waste,Completed,23.27127655349623,77.42721610256653
676,Pothole,Completed,23.266956914471987,77.42989501675554
677,Pothole,Completed,23.26954679914177,77.42885958652158
678,Streetlight,Completed,23.266978154209383,77.43010201896392
679,Waste,Completed,23.269848984529958,77.43023010058131
680,Waste,Pending,23.269045293385375,77.43163948319355
681,Streetlight,Pending,23.268724460343698,77.43177213774234
682,Drainage,Completed,23.26622610465727,77.43051124200642
683,Waste,Pending,23.26883174500125,77.4316461952256
684,Waste,Pending,23.270536258988994,77.43287625928122
685,Streetlight,Completed,23.27085424599976,77.4275848638489
686,Waste,Pending,23.26772368304681,77.42839156550973
687,Waste,Completed,23.268015976040026,77.431162295847
688,Pothole,Pending,23.271843203935475,77.43362556191093
689,Pothole,Pending,23.269851972631358,77.42995370403769
690,Drainage,Pending,23.269357208460814,77.43091851999732
691,Streetlight,Completed,23.27352321494574,77.42962556438981
692,Pothole,Completed,23.269812016077278,77.43035376918682
693,Waste,Completed,23.267334647200062,77.4277130801611
694,Water Supply,Pending,23.267433652462017,77.43263940106472
695,Water Supply,Completed,23.269755841494916,77.43328257961798
696,Streetlight,Completed,23.269752977707213,77.42652466225528
697,Water Supply,Completed,23.270423150914663,77.43326010942567
698,Waste,Pending,23.270600331830767,77.43149968055428
699,Pothole,Completed,23.272779801935286,77.4278968696434
700,Streetlight,Pending,23.270510032557645,77.43446113439549
701,Streetlight,Completed,23.271353777879145,77.43031996652816
702,Drainage,Pending,23.26768552078278,77.43010998344464
703,Waste,Pending,23.27014534873596,77.42965301461582
704,Streetlight,Completed,23.26788017493056,77.43151395875111
705,Pothole,Completed,23.26945374964475,77.42867333239818
706,Waste,Pending,23.267714407617675,77.42877217340155
707,Waste,Pending,23.270120060691156,77.428661350299
708,Drainage,Completed,23.274954388559966,77.42808866517585
709,Water Supply,Completed,23.267358030640192,77.42916469909143
710,Streetlight,Completed,23.268968647883234,77.43144855029483
711,Waste,Pending,23.26906272434159,77.43021682017908
712,Streetlight,Pending,23.267585065963015,77.4311703708131
713,Pothole,Pending,23.269922828138682,77.43173640095556
714,Drainage,Cancelled,23.2706683565602,77.42640873720752
715,Drainage,Pending,23.27136888481764,77.42986453987866
716,Waste,Completed,23.27333393607667,77.42671695557
717,Streetlight,Completed,23.270514319413817,77.43097683658122
718,Waste,Pending,23.26878722017741,77.4316740320269
719,Waste,Pending,23.27336471690247,77.43105968489317
720,Streetlight,Pending,23.26993580252165,77.43155702823657
721,Drainage,Pending,23.267387638179425,77.4272952435784
722,Drainage,Pending,23.271646918372937,77.42881789698772
723,Pothole,Completed,23.269023090874576,77.43091779492092
724,Waste,Cancelled,23.271801072717757,77.43195893705014
725,Waste,Completed,23.26917136389113,77.4317486140721
726,Drainage,Completed,23.271360945509493,77.42808567009158
727,Pothole,Pending,23.27158648554048,77.42885517403192
728,Streetlight,Completed,23.27023154579618,77.43016623434116
729,Waste,Completed,23.269259558102295,77.43059632409971
730,Pothole,Completed,23.267179209835355,77.42910736574416
731,Pothole,Completed,23.268831936103986,77.43186240198496
732,Drainage,Pending,23.27217876347472,77.43156502587678
733,Pothole,Pending,23.265341800193955,77.43250229553173
734,Waste,Pending,23.268842167534867,77.42870777492844
735,Waste,Pending,23.269142912105117,77.43097998402521
736,Waste,Cancelled,23.271337494178905,77.43019442424736
737,Waste,Completed,23.26890933567599,77.42662510283259
738,Streetlight,Pending,23.271215338142355,77.42807626640086
739,Drainage,Pending,23.27449608038422,77.42652058592118
740,Drainage,Pending,23.271777191330273,77.43025279649754
741,Water Supply,Completed,23.270741626853958,77.42959458468974
742,Drainage,Cancelled,23.26761036870521,77.42696235923165
743,Streetlight,Completed,23.27359439801402,77.42834531903335
744,Drainage,Completed,23.269165979097785,77.43071294931055
745,Drainage,Completed,23.27150370496371,77.42916130799472
746,Water Supply,Completed,23.272353539660127,77.42868489813002
747,Pothole,Pending,23.26811864756528,77.4280558621109
748,Drainage,Completed,23.266348000941377,77.43047539500988
749,Pothole,Completed,23.27007630972956,77.43105638951332
750,Pothole,Completed,23.26748224570878,77.43289284441003
751,Water Supply,Completed,23.249568284123697,77.40370559397152
752,Pothole,Pending,23.250130438937806,77.39828859592744
753,Waste,Pending,23.252407791893535,77.39939684005388
754,Pothole,Completed,23.247644776226455,77.39749015152236
755,Pothole,Pending,23.2505856560656,77.40062147183887
756,Waste,Pending,23.251793129522383,77.40189971783104
757,Water Supply,Pending,23.250539363308064,77.40025336699044
758,Streetlight,Pending,23.25096273014146,77.40144798464117
759,Water Supply,Pending,23.248587880339024,77.40226313956698
760,Streetlight,Completed,23.253438362040583,77.39997708592716
761,Waste,Pending,23.249884717527383,77.40133617000185
762,Water Supply,Completed,23.253719321282286,77.4031033844528
763,Pothole,Pending,23.247114991396902,77.39972269895829
764,Streetlight,Pending,23.2497918683427,77.40067678683093
765,Water Supply,Pending,23.253883214863535,77.39749042272867
766,Streetlight,Completed,23.25082252241508,77.40090567072019
767,Water Supply,Pending,23.248397676829434,77.3992577784262
768,Pothole,Completed,23.25005958151499,77.40052695765847
769,Pothole,Completed,23.250082912761123,77.39920144861713
770,Pothole,Completed,23.248210290514407,77.40004956805902
771,Waste,Completed,23.24728336679891,77.39991259749615
772,Water Supply,Pending,23.252931459478816,77.40028534863455
773,Streetlight,Cancelled,23.248883487410723,77.39686496346465
774,Pothole,Pending,23.250779048938742,77.39512015335441
775,Pothole,Completed,23.250037797509215,77.4030641565704
776,Waste,Pending,23.255095162950497,77.39844193064442
777,Drainage,Completed,23.248195719352278,77.40335120994392
778,Streetlight,Cancelled,23.250686440422648,77.40169037448226
779,Waste,Pending,23.25139077541172,77.39932518167173
780,Waste,Pending,23.25007830776806,77.40369192921062
781,Drainage,Cancelled,23.252657367388338,77.39812675907531
782,Streetlight,Completed,23.252187728820356,77.39776261614257
783,Streetlight,Completed,23.246361152250085,77.39564003713224
784,Streetlight,Completed,23.25039592786163,77.39762873144119
785,Waste,Pending,23.24486479085416,77.40399729083356
786,Waste,Pending,23.249848213631235,77.40259168747951
787,Pothole,Pending,23.251278182819483,77.40186601498915
788,Waste,Pending,23.24898565518093,77.39923862967338
789,Pothole,Completed,23.248847754645528,77.40068972807882
790,Water Supply,Completed,23.252109943510085,77.39951031340807
791,Drainage,Pending,23.24659812457247,77.40278672905451
792,Streetlight,Pending,23.251259177464153,77.39962886114866
793,Pothole,Cancelled,23.24906123380975,77.39944647767814
794,Waste,Completed,23.250330253997245,77.39837640417835
795,Pothole,Pending,23.247733466956845,77.40144732144057
796,Pothole,Completed,23.249378144828455,77.4003657826632
797,Water Supply,Completed,23.246846927985732,77.40133240596879
798,Waste,Completed,23.249613472207766,77.39989336861697
799,Pothole,Pending,23.250055424791817,77.39856482580353
800,Streetlight,Pending,23.248068270742863,77.40087804075371
801,Water Supply,Completed,23.24855411082667,77.40081087790023
802,Water Supply,Pending,23.24632954931434,77.39849494285696
803,Waste,Completed,23.24674783470949,77.39906432111356
804,Waste,Cancelled,23.25021225220933,77.40025460189389
805,Water Supply,Pending,23.250185505709695,77.39957102843096
806,Streetlight,Completed,23.249926169832282,77.39765987445425
807,Streetlight,Completed,23.25291013107968,77.40179708535895
808,Pothole,Pending,23.252393033096762,77.40115023766987
809,Water Supply,Cancelled,23.252506729758842,77.39946506749126
810,Pothole,Pending,23.247758060733627,77.4016673967465
811,Pothole,Pending,23.252661805199967,77.39820795057979
812,Water Supply,Completed,23.248252825754093,77.39785044211342
813,Pothole,Completed,23.251214292672792,77.39896195910855
814,Pothole,Completed,23.25253246541186,77.40106213662789
815,Drainage,Pending,23.247858261947705,77.39884340316657
816,Water Supply,Cancelled,23.24976652396548,77.40128455113933
817,Water Supply,Completed,23.24706245556566,77.40087308873353
818,Waste,Pending,23.25157657467958,77.39739590871822
819,Pothole,Completed,23.250078531869917,77.40043389244408
820,Water Supply,Pending,23.25169945872011,77.39895941369063
821,Pothole,Pending,23.252579316229237,77.40072517894515
822,Streetlight,Completed,23.249814716568363,77.40285662157692
823,Drainage,Pending,23.24973571224372,77.39688619810829
824,Streetlight,Completed,23.24961103934184,77.4001519317339
825,Drainage,Pending,23.250367604825534,77.39881518749809
826,Waste,Completed,23.252428295711756,77.3994374359678
827,Water Supply,Pending,23.24813647267364,77.39798599072586
828,Waste,Completed,23.25207894001353,77.40242295819378
829,Streetlight,Pending,23.24537097027699,77.39880136911913
830,Drainage,Completed,23.256471090277643,77.39499079740777
831,Pothole,Completed,23.25200259980853,77.40413039888989
832,Waste,Pending,23.249777552462188,77.39662988112048
833,Pothole,Completed,23.253181754654573,77.40198272075295
834,Drainage,Pending,23.24831488937994,77.39666438267372
835,Waste,Pending,23.250322772062823,77.40322289672959
836,Waste,Pending,23.244127567689542,77.40292934893931
837,Pothole,Completed,23.247834905291118,77.39837490495232
838,Waste,Pending,23.254564260093332,77.39841857238093
839,Water Supply,Cancelled,23.252616981352517,77.40062249261373
840,Streetlight,Cancelled,23.25238919749607,77.39699462485947
841,Drainage,Pending,23.249960868143294,77.39815842045395
842,Streetlight,Pending,23.246667955750237,77.40165910670113
843,Drainage,Pending,23.249248555891217,77.39855643727796
844,Pothole,Completed,23.253351437086575,77.397728525492
845,Pothole,Completed,23.25028245739405,77.40092163393467
846,Pothole,Pending,23.250574423708642,77.39716010873418
847,Water Supply,Pending,23.249510493268147,77.39687498378518
848,Waste,Completed,23.25006949670358,77.40324577902126
849,Streetlight,Completed,23.249230434850997,77.40142079410553
850,Pothole,Pending,23.255718350442756,77.40098186384935
851,Drainage,Completed,23.24888403211468,77.39960281214634
852,Waste,Pending,23.250097025535666,77.40203084535234
853,Pothole,Cancelled,23.247617416793947,77.40102984760203
854,Pothole,Completed,23.247100608701043,77.40145480249512
855,Streetlight,Completed,23.24867167946223,77.40165608036834
856,Waste,Pending,23.25180223282943,77.400938430877
857,Waste,Pending,23.25102753227036,77.39841556594908
858,Waste,Completed,23.252274494300647,77.39837631412311
859,Waste,Cancelled,23.251466761671253,77.3984941642009
860,Waste,Cancelled,23.251109259781447,77.39938339005403
861,Waste,Pending,23.25057899112733,77.39897901186629
862,Pothole,Pending,23.251038907514996,77.40183386471217
863,Waste,Completed,23.24856157744797,77.40238895104227
864,Streetlight,Completed,23.252486592936663,77.3991353819446
865,Pothole,Pending,23.250252655051874,77.39923618133574
866,Waste,Pending,23.251092381291116,77.40095126305187
867,Pothole,Completed,23.247661528933325,77.39705139413782
868,Waste,Pending,23.245494621776043,77.40385551821754
869,Drainage,Pending,23.24934678673431,77.40113877998098
870,Water Supply,Completed,23.244694006822414,77.3963992795418
871,Waste,Pending,23.251740857999078,77.4000256062564
872,Water Supply,Pending,23.250980815183617,77.40041790963004
873,Pothole,Pending,23.252515851579414,77.39828617875789
874,Pothole,Pending,23.24913420238482,77.39685002084062
875,Waste,Pending,23.2497862033229,77.39801122404927
876,Waste,Pending,23.251262458243136,77.39769318315655
877,Pothole,Pending,23.24833367623507,77.40194526237518
878,Waste,Cancelled,23.249670461190846,77.40226901147845
879,Water Supply,Pending,23.248387219389592,77.40082806532911
880,Water Supply,Completed,23.251291931101726,77.40017931368475
881,Waste,Pending,23.25110959369353,77.40092780602842
882,Streetlight,Pending,23.246592227312718,77.40091976211131
883,Streetlight,Pending,23.247108248464208,77.40025914869773
884,Streetlight,Completed,23.252781963311868,77.40116095151654
885,Streetlight,Pending,23.246382958722485,77.39773535428158
886,Streetlight,Completed,23.251606799405327,77.40008356913982
887,Streetlight,Completed,23.24972913437244,77.39999358568133
888,Pothole,Pending,23.25056957038583,77.39830179191836
889,Waste,Completed,23.251600136636043,77.3988477688446
890,Water Supply,Pending,23.252748416270848,77.40061147695775
891,Streetlight,Cancelled,23.251014382126595,77.39737340921788
892,Pothole,Pending,23.251456809084345,77.3995090853634
893,Streetlight,Completed,23.24816869831552,77.39892284841282
894,Streetlight,Completed,23.248103164671083,77.40248084458948
895,Pothole,Completed,23.252048384650212,77.39859781374427
896,Streetlight,Completed,23.251548378335528,77.39738239631713
897,Drainage,Completed,23.250617045390882,77.39915664428288
898,Streetlight,Completed,23.250786902883487,77.401067457556
899,Pothole,Completed,23.251453045019808,77.40013089746563
900,Pothole,Completed,23.250056850853966,77.39975489969184
901,Water Supply,Completed,23.253616261951688,77.40182818115186
902,Water Supply,Completed,23.249401713911176,77.39764108884974
903,Streetlight,Pending,23.25052940013695,77.40216980019571
904,Water Supply,Completed,23.250189801452663,77.3984222694154
905,Streetlight,Completed,23.24794212259995,77.39797640557646
906,Pothole,Completed,23.248742920570525,77.40064433915612
907,Water Supply,Cancelled,23.254433766766855,77.40407528905422
908,Streetlight,Completed,23.247945588103896,77.39674006295947
909,Pothole,Completed,23.247020131681765,77.40377510382893
910,Pothole,Pending,23.248436923130818,77.39842818466661
911,Streetlight,Pending,23.248939734658247,77.39725841171129
912,Streetlight,Completed,23.247799499447225,77.39994979686875
913,Water Supply,Completed,23.24975524627581,77.40013877240065
914,Pothole,Completed,23.248783856106265,77.40062087636855
915,Waste,Completed,23.25065079056335,77.39763095842444
916,Pothole,Completed,23.251278804138373,77.4047171228559
917,Drainage,Completed,23.250237645567374,77.4051810439683
918,Waste,Completed,23.246726967857267,77.39961356457816
919,Drainage,Pending,23.24988082672363,77.39974979611715
920,Water Supply,Pending,23.250486279604736,77.39977401546359
921,Pothole,Completed,23.25000895746667,77.40111373327254
922,Pothole,Pending,23.251156815041572,77.39936670581918
923,Pothole,Completed,23.24979137650887,77.39911215010675
924,Streetlight,Completed,23.250992607853565,77.3977163397588
925,Waste,Completed,23.246453305274752,77.40101752159391
926,Waste,Completed,23.247778141328457,77.39904064353122
927,Water Supply,Cancelled,23.249971803434885,77.40013855055986
928,Drainage,Completed,23.248046071564616,77.39736147224484
929,Streetlight,Completed,23.2459547635558,77.39948018671288
930,Waste,Completed,23.248853590334853,77.40088389512486
931,Waste,Pending,23.25124590644705,77.39879627118653
932,Streetlight,Pending,23.251197780708615,77.39951292276763
933,Drainage,Pending,23.246751747597134,77.40276744390732
934,Drainage,Pending,23.25029176457109,77.39953365248846
935,Waste,Pending,23.249379005942266,77.40123334296037
936,Streetlight,Completed,23.247713399499023,77.39491166481871
937,Drainage,Pending,23.249427639971476,77.39774277925551
938,Streetlight,Completed,23.248455141939047,77.3973073516262
939,Water Supply,Completed,23.25178252607951,77.3973998563699
940,Waste,Completed,23.25028043090353,77.40185841142926
941,Waste,Cancelled,23.24770244953613,77.4003875721895
942,Streetlight,Cancelled,23.255356324289203,77.39691485828546
943,Drainage,Pending,23.250461368894694,77.39740771530349
944,Waste,Pending,23.250096361416873,77.40035056196612
945,Water Supply,Pending,23.250858823734188,77.39870762791239
946,Pothole,Cancelled,23.250163101123803,77.40106471932008
947,Pothole,Pending,23.248145679459576,77.39944909140311
948,Waste,Pending,23.251073520854302,77.4009421876334
949,Streetlight,Completed,23.248428734106515,77.40089563351198
950,Pothole,Pending,23.251116697734005,77.4004107998462
951,Waste,Pending,23.24938274161784,77.40156276045764
952,Streetlight,Completed,23.251238876221336,77.4009583850311
953,Pothole,Pending,23.25409292028013,77.3981943349845
954,Waste,Pending,23.251153085893428,77.39687627847151
955,Waste,Completed,23.251822412652178,77.39642915216068
956,Water Supply,Completed,23.249253285586736,77.40317173632558
957,Waste,Pending,23.251112405414176,77.39697432729278
958,Pothole,Completed,23.2485452277806,77.40184246202712
959,Waste,Cancelled,23.251966965217733,77.39919611268851
960,Pothole,Pending,23.25107943644992,77.39760474206174
961,Drainage,Cancelled,23.248371600489016,77.4045534764991
962,Water Supply,Pending,23.251453033190202,77.3967356219844
963,Pothole,Completed,23.250637931841563,77.39905922282128
964,Pothole,Completed,23.248008303240905,77.40059033646175
965,Waste,Pending,23.25156787451958,77.40015642520528
966,Pothole,Pending,23.248332470444346,77.39856632219208
967,Streetlight,Completed,23.24940347187117,77.39956170255753
968,Pothole,Pending,23.252096770305915,77.3987562406395
969,Waste,Pending,23.252006448978634,77.40127604709008
970,Waste,Pending,23.24816720636711,77.40231573736546
971,Streetlight,Completed,23.25314611133353,77.40428707474857
972,Pothole,Completed,23.24930189952783,77.4027891210923
973,Waste,Pending,23.245910333490617,77.39973029448537
974,Streetlight,Completed,23.251589652514177,77.39863973879196
975,Waste,Pending,23.24808501645666,77.39844658320892
976,Waste,Completed,23.250050742412125,77.40228709088959
977,Pothole,Pending,23.247644083392622,77.39863235328315
978,Pothole,Cancelled,23.24528803372147,77.39929680246091
979,Streetlight,Pending,23.24966852161809,77.39943174669418
980,Water Supply,Completed,23.249775926610624,77.40212459896645
981,Waste,Pending,23.24966518615704,77.40277857078712
982,Waste,Pending,23.252516058522076,77.40043348973553
983,Pothole,Pending,23.2465163018411,77.40176211118099
984,Waste,Completed,23.25004739266491,77.40054551080559
985,Streetlight,Completed,23.25070565605381,77.3986366984452
986,Drainage,Pending,23.248346428030853,77.40226860397277
987,Waste,Pending,23.250659464803945,77.40259629258517
988,Pothole,Completed,23.251660041466064,77.40125240443722
989,Waste,Pending,23.250428620053963,77.39884020494529
990,Pothole,Pending,23.247831609817805,77.40118636822157
991,Waste,Pending,23.25247861804605,77.40134923665994
992,Drainage,Pending,23.24957140830392,77.40141763333216
993,Waste,Pending,23.24863907770903,77.40129549985217
994,Drainage,Completed,23.25027326208682,77.39749298457716
995,Pothole,Pending,23.253428296245726,77.40299989097097
996,Waste,Pending,23.24897837623784,77.40175643987577
997,Waste,Pending,23.249422341534558,77.40043987109058
998,Streetlight,Pending,23.251710850126116,77.40032670568192
999,Streetlight,Pending,23.252662367217834,77.39891958088538
1000,Waste,Pending,23.25020991130935,77.40109099217128
1001,Waste,Pending,23.249338748181405,77.40326662134973
1002,Drainage,Completed,23.24814658111439,77.39928195865502
1003,Pothole,Pending,23.24975746958209,77.39697396633902
1004,Drainage,Pending,23.24630125547209,77.39828818677093
1005,Streetlight,Pending,23.25082034135794,77.39532864151344
1006,Waste,Completed,23.253436345598892,77.40283849851585
1007,Streetlight,Cancelled,23.250370621133598,77.4009224746472
1008,Waste,Cancelled,23.250276709921565,77.40083853590602
1009,Water Supply,Completed,23.249316705149436,77.40044493229668
1010,Streetlight,Pending,23.251399702575885,77.39902935280398
1011,Waste,Pending,23.247166887649207,77.40313326341663
1012,Waste,Completed,23.251391214526834,77.39781587882493
1013,Pothole,Completed,23.250831419195624,77.39630015972966
1014,Pothole,Cancelled,23.248836346062134,77.39705415917868
1015,Waste,Pending,23.24849449666271,77.3970416886748
1016,Waste,Pending,23.24785085649681,77.40215836652106
1017,Waste,Pending,23.24842465487596,77.40000330322809
1018,Waste,Cancelled,23.247752286721706,77.3976520641514
1019,Waste,Completed,23.24937906058546,77.39609137582205
1020,Water Supply,Completed,23.2498401775185,77.39658663612563
1021,Water Supply,Pending,23.245518135673173,77.39794829507969
1022,Pothole,Completed,23.247027443478828,77.39898174461702
1023,Streetlight,Pending,23.248684470451792,77.40342116217998
1024,Streetlight,Completed,23.253480627416785,77.39914780043478
1025,Drainage,Pending,23.25285488166887,77.4009209290617
1026,Drainage,Completed,23.252175363511892,77.40151605145871
1027,Waste,Pending,23.24990875427909,77.39849456397393
1028,Pothole,Pending,23.24831955759446,77.4004252297229
1029,Streetlight,Completed,23.245710340989294,77.39785574557823
1030,Waste,Completed,23.25099817142094,77.4010183031816
1031,Water Supply,Pending,23.250907560041252,77.39760537401054
1032,Waste,Pending,23.250808548975357,77.40120858152434
1033,Streetlight,Completed,23.24930488013993,77.4045622626218
1034,Streetlight,Completed,23.25176813692985,77.40057994946959
1035,Waste,Pending,23.25147354392534,77.4014213324315
1036,Streetlight,Completed,23.249069525508947,77.40098894885733
1037,Streetlight,Completed,23.248006805697617,77.39747835639585
1038,Waste,Completed,23.24654128458037,77.39835715533899
1039,Waste,Pending,23.252091358433095,77.4020423202193
1040,Streetlight,Pending,23.24576604889302,77.39795252704457
1041,Waste,Pending,23.251022134775784,77.39932765933803
1042,Pothole,Completed,23.25070047933019,77.4025883912128
1043,Water Supply,Pending,23.247561941896688,77.40191265830316
1044,Water Supply,Completed,23.250807882687816,77.40289960110778
1045,Water Supply,Completed,23.249730875049472,77.40546916435369
1046,Pothole,Completed,23.24770471643271,77.40149424375817
1047,Pothole,Completed,23.24888904266737,77.4000547773763
1048,Drainage,Completed,23.251555204470854,77.40117008826844
1049,Waste,Pending,23.251688234220442,77.39828027022806
1050,Pothole,Pending,23.248528579389905,77.400199736395
1051,Water Supply,Completed,23.237157936774544,77.41719671736104
1052,Streetlight,Completed,23.240726554688095,77.41990260223102
1053,Pothole,Cancelled,23.239471129964805,77.41897296498874
1054,Streetlight,Completed,23.237209014179943,77.41978899371345
1055,Waste,Pending,23.239998676280205,77.42048663244626
1056,Drainage,Completed,23.237264950045656,77.42092275454475
1057,Waste,Completed,23.238443781135963,77.41626882644427
1058,Waste,Pending,23.24145274867713,77.4182934488839
1059,Waste,Cancelled,23.240068687994306,77.42137622790545
1060,Pothole,Pending,23.236210848414053,77.4184307947222
1061,Waste,Pending,23.243484363075105,77.41875817051383
1062,Streetlight,Pending,23.240790643170573,77.41906880124695
1063,Pothole,Completed,23.23880323293869,77.42019894913642
1064,Waste,Cancelled,23.23876598295012,77.42177708693022
1065,Pothole,Completed,23.239889824818707,77.42107901150618
1066,Waste,Pending,23.242585791623263,77.42342299134863
1067,Pothole,Pending,23.24318962236957,77.42101425265079
1068,Waste,Pending,23.239331480062823,77.4202148560694
1069,Streetlight,Completed,23.240161466036124,77.41968833002443
1070,Waste,Pending,23.239656108830715,77.41876445467858
1071,Pothole,Completed,23.23993838348134,77.42045060382131
1072,Waste,Pending,23.240652043087444,77.42065688269328
1073,Pothole,Completed,23.240380660478596,77.42447570146861
1074,Pothole,Completed,23.24120769317282,77.41908478550847
1075,Waste,Pending,23.242960137053043,77.42002573041002
1076,Pothole,Pending,23.23800567107364,77.41987102356153
1077,Pothole,Completed,23.241946385236915,77.41727741023114
1078,Drainage,Completed,23.241550411736977,77.41714230529713
1079,Water Supply,Completed,23.24144685378352,77.42241663132849
1080,Pothole,Pending,23.23728068137185,77.41856542355158
1081,Pothole,Completed,23.242842159578576,77.41883588044372
1082,Pothole,Pending,23.23791783919983,77.42107556440898
1083,Drainage,Pending,23.242197647552217,77.41700491949784
1084,Water Supply,Cancelled,23.243603199747042,77.42025258973946
1085,Drainage,Pending,23.23902326173396,77.4168766454342
1086,Streetlight,Pending,23.236670117722156,77.41878495904915
1087,Waste,Completed,23.24032899704331,77.42107762716664
1088,Pothole,Completed,23.23998706887925,77.42409787821919
1089,Waste,Cancelled,23.240670533758703,77.41643289414006
1090,Waste,Pending,23.238516788815637,77.41663890522403
1091,Streetlight,Completed,23.239947002206517,77.41854044089106
1092,Waste,Pending,23.239648591055374,77.42053962124446
1093,Waste,Pending,23.24062259014337,77.42012495096557
1094,Drainage,Completed,23.239700611297415,77.41913805625784
1095,Waste,Cancelled,23.23903430075824,77.42116622422954
1096,Streetlight,Completed,23.24059629920666,77.4189674226997
1097,Waste,Pending,23.241812479028113,77.42140359504008
1098,Water Supply,Pending,23.238454073049382,77.41800079119525
1099,Streetlight,Completed,23.237901659675764,77.42014961475395
1100,Pothole,Completed,23.242184024915183,77.42433801434778
1101,Water Supply,Pending,23.239137722753537,77.4203953837044
1102,Streetlight,Completed,23.237229179236213,77.42046161269003
1103,Waste,Completed,23.241515574400946,77.42103101088605
1104,Waste,Pending,23.239955039855193,77.41785616486776
1105,Drainage,Pending,23.236752023802715,77.41641053449709
1106,Drainage,Completed,23.243902345451996,77.41825415298722
1107,Drainage,Completed,23.236110339227285,77.42013831769447
1108,Pothole,Completed,23.23707779584673,77.4164118342131
1109,Pothole,Pending,23.2388060891819,77.41749480964383
1110,Drainage,Pending,23.239657471023953,77.4211554658443
1111,Waste,Pending,23.237029126692683,77.42448964343383
1112,Waste,Pending,23.241278949140508,77.4207669519196
1113,Pothole,Completed,23.23844165431607,77.42155312925199
1114,Waste,Completed,23.236592147437456,77.4245397734177
1115,Streetlight,Completed,23.24130182849085,77.41779952953199
1116,Drainage,Pending,23.241313526298292,77.42121714098315
1117,Pothole,Completed,23.24566034421754,77.42149342892561
1118,Waste,Cancelled,23.243254519565745,77.41956017506818
1119,Streetlight,Pending,23.240658629505774,77.41797399880392
1120,Pothole,Pending,23.23802087024139,77.42336458026523
1121,Streetlight,Completed,23.236346939679862,77.42048998582354
1122,Waste,Completed,23.24251997332298,77.42183976218494
1123,Streetlight,Completed,23.240784329537618,77.41595170765065
1124,Water Supply,Completed,23.23869254210568,77.42279509774093
1125,Streetlight,Pending,23.23720256190145,77.42041482564332
1126,Waste,Cancelled,23.239276327059123,77.42046373286007
1127,Waste,Completed,23.23792353680924,77.41775911319208
1128,Waste,Cancelled,23.242176359903635,77.41807431637783
1129,Waste,Completed,23.236322904989535,77.41828300694239
1130,Pothole,Completed,23.237712855233656,77.42111460790532
1131,Pothole,Completed,23.23967464562236,77.41883082290494
1132,Waste,Cancelled,23.238108022053485,77.41934780761073
1133,Waste,Completed,23.23910612299002,77.4186580780255
1134,Streetlight,Pending,23.23573299240056,77.42246505695323
1135,Waste,Pending,23.238332494803764,77.42068593347723
1136,Waste,Completed,23.24109048966596,77.42207774089908
1137,Pothole,Completed,23.241041022228583,77.41935834511683
1138,Pothole,Completed,23.241287710802776,77.42295269577494
1139,Drainage,Completed,23.243237592487034,77.41866781905622
1140,Streetlight,Completed,23.2396971558908,77.42174731508709
1141,Waste,Pending,23.239802627549903,77.4222765367904
1142,Drainage,Completed,23.24083505679249,77.42069520445355
1143,Water Supply,Pending,23.24354464125651,77.42579156063685
1144,Waste,Completed,23.24041296089902,77.41680788549948
1145,Waste,Completed,23.24195304962631,77.42005418737263
1146,Streetlight,Pending,23.243043749818796,77.42145081177166
1147,Waste,Completed,23.239270941462692,77.42468776529546
1148,Pothole,Pending,23.234746403603417,77.42233700666611
1149,Streetlight,Completed,23.239062313159742,77.4156076056392
1150,Streetlight,Pending,23.242728607476327,77.42170025332338
1151,Pothole,Pending,23.23936868916775,77.42189025657788
1152,Pothole,Completed,23.241022013001228,77.42131271110765
1153,Pothole,Completed,23.241036084470323,77.42051857838077
1154,Pothole,Pending,23.23840385034062,77.4205570731808
1155,Pothole,Pending,23.239382800673937,77.42085434536507
1156,Waste,Cancelled,23.236043586910167,77.41905100956461
1157,Water Supply,Pending,23.239581734365142,77.41974820143436
1158,Drainage,Pending,23.237397893415817,77.41849141317549
1159,Water Supply,Pending,23.24129405986421,77.42089320511081
1160,Waste,Completed,23.243282574437504,77.42328319818611
1161,Waste,Pending,23.23810550323562,77.42006695257311
1162,Waste,Cancelled,23.23972225861181,77.42101397950607
1163,Waste,Completed,23.240099780662412,77.41944472474202
1164,Drainage,Pending,23.241739718927015,77.4207518554176
1165,Waste,Pending,23.24058580598918,77.41865438203138
1166,Waste,Pending,23.242199354494584,77.4194959730213
1167,Water Supply,Completed,23.2411214291269,77.41810950337066
1168,Drainage,Pending,23.23950204681123,77.41857469432782
1169,Streetlight,Completed,23.238765866669077,77.42094425655826
1170,Streetlight,Pending,23.23823867781936,77.41676166087169
1171,Waste,Pending,23.240994270464657,77.42143380381906
1172,Waste,Completed,23.241332965379705,77.41991359865723
1173,Streetlight,Cancelled,23.236962406252516,77.42043085375315
1174,Waste,Completed,23.239787184319713,77.41572427990806
1175,Water Supply,Pending,23.24353209907822,77.41811323436286
1176,Waste,Pending,23.24183416200584,77.42206914084474
1177,Streetlight,Pending,23.24067420458462,77.42205598592486
1178,Water Supply,Completed,23.240031065972065,77.42119914470709
1179,Pothole,Cancelled,23.24134159891105,77.41953923174665
1180,Drainage,Pending,23.24130919633735,77.42349926539434
1181,Pothole,Pending,23.240567569455788,77.4161762500667
1182,Streetlight,Pending,23.24053419957111,77.41858360204415
1183,Water Supply,Completed,23.24376544120271,77.41995076216119
1184,Waste,Pending,23.23834231733448,77.41853072331176
1185,Waste,Completed,23.240208032894905,77.41972321788005
1186,Streetlight,Pending,23.239849907185995,77.41917285095354
1187,Waste,Pending,23.239618361702046,77.42001805493881
1188,Waste,Pending,23.23937205437147,77.42114502151966
1189,Drainage,Completed,23.238729909500776,77.41864174219673
1190,Water Supply,Completed,23.241011333702858,77.41811568749412
1191,Drainage,Pending,23.23790813837736,77.41936212994824
1192,Streetlight,Completed,23.241137827267252,77.42236791752894
1193,Waste,Pending,23.239798283288728,77.42065968335416
1194,Pothole,Completed,23.243209315720783,77.41440661306416
1195,Pothole,Completed,23.237624507684217,77.42154581573755
1196,Pothole,Pending,23.23803607424168,77.42046206183544
1197,Pothole,Completed,23.239977120154574,77.425001893389
1198,Streetlight,Completed,23.239443066971095,77.41928576280189
1199,Waste,Pending,23.241411468063806,77.41949407948715
1200,Waste,Completed,23.2419684325062,77.42133095917579
1201,Water Supply,Pending,23.24342549508419,77.42001181466311
1202,Drainage,Pending,23.24086807823949,77.41822920848173
1203,Drainage,Completed,23.240515648965506,77.421726339616
1204,Drainage,Completed,23.237311720362545,77.42504084691377
1205,Waste,Pending,23.24014267717542,77.41683741237104
1206,Waste,Cancelled,23.240346362585722,77.4196821235001
1207,Water Supply,Completed,23.240062848166236,77.42111055941882
1208,Drainage,Completed,23.242943126308013,77.41890374656941
1209,Drainage,Pending,23.23895458372895,77.41574122451459
1210,Pothole,Pending,23.24189960388549,77.4207918829626
1211,Pothole,Completed,23.24067074313908,77.41659322752648
1212,Waste,Cancelled,23.239158950729074,77.4215386591654
1213,Pothole,Pending,23.236518264769707,77.41766556039214
1214,Pothole,Completed,23.23636320918017,77.41914429419766
1215,Waste,Pending,23.243730003730075,77.42095429617474
1216,Waste,Pending,23.24068979266365,77.41799768237547
1217,Waste,Pending,23.240502933352854,77.4174754207105
1218,Waste,Pending,23.23452597742461,77.41841682402527
1219,Pothole,Completed,23.241732006525872,77.41713443395254
1220,Streetlight,Cancelled,23.23865014175923,77.42127843911076
1221,Pothole,Completed,23.23907349467868,77.42107632109422
1222,Waste,Pending,23.242256268686702,77.41974895896003
1223,Pothole,Pending,23.24287577297198,77.41925862523718
1224,Streetlight,Completed,23.23920380023126,77.41703084115328
1225,Waste,Pending,23.238885194379773,77.42113953460138
1226,Pothole,Completed,23.244130575546727,77.42138962627455
1227,Waste,Pending,23.24052721498576,77.41881792601048
1228,Pothole,Cancelled,23.239728673884574,77.42270355671481
1229,Pothole,Completed,23.24058406081692,77.41981487546367
1230,Waste,Pending,23.237995834142644,77.4229179317941
1231,Streetlight,Completed,23.24376884189328,77.41961916007706
1232,Drainage,Pending,23.23854422006659,77.4185911243088
1233,Streetlight,Completed,23.23812360908566,77.41894753902702
1234,Waste,Completed,23.243218327284087,77.41856433049621
1235,Water Supply,Completed,23.242052264400183,77.4208240668795
1236,Drainage,Completed,23.24249727071796,77.42391167361494
1237,Waste,Pending,23.23833085328868,77.42014865451696
1238,Water Supply,Pending,23.239226798616208,77.41805819489589
1239,Streetlight,Completed,23.240608873611308,77.42127961252467
1240,Pothole,Pending,23.2356913485825,77.41780485560967
1241,Drainage,Pending,23.24124082037709,77.41986785003198
1242,Streetlight,Completed,23.238884467369765,77.4179477315255
1243,Water Supply,Completed,23.23836783412072,77.4219892712898
1244,Pothole,Cancelled,23.240347479069627,77.42074657052547
1245,Waste,Pending,23.240204775859574,77.42143621106102
1246,Pothole,Pending,23.241473453574475,77.41615576202081
1247,Pothole,Completed,23.24121130108986,77.42111662414897
1248,Streetlight,Pending,23.240186601743993,77.42171629591685
1249,Streetlight,Completed,23.238831728558065,77.41965988338775
1250,Pothole,Pending,23.240765320578483,77.41945574889
1251,Streetlight,Completed,23.239625851161495,77.41785052937671
1252,Waste,Pending,23.239681147586232,77.42148560271109
1253,Pothole,Pending,23.238198891476863,77.42069103528708
1254,Streetlight,Completed,23.237698569186193,77.42243351526058
1255,Waste,Pending,23.240876378407503,77.42067374671313
1256,Waste,Pending,23.238465710334136,77.42134331970803
1257,Pothole,Pending,23.240158475602847,77.41758504665064
1258,Pothole,Pending,23.237355256682346,77.42184390334764
1259,Streetlight,Completed,23.238078648841142,77.42299644469858
1260,Water Supply,Completed,23.23791745697957,77.41912339997658
1261,Drainage,Pending,23.242410530417875,77.41744849812603
1262,Water Supply,Completed,23.236955135557686,77.41499400198416
1263,Waste,Pending,23.243260594993423,77.42515092275329
1264,Pothole,Pending,23.243185388898397,77.42305298150517
1265,Waste,Cancelled,23.237804535274808,77.42149208755963
1266,Streetlight,Completed,23.243140004932528,77.41762136879278
1267,Waste,Pending,23.239308675492012,77.41915238125782
1268,Water Supply,Completed,23.23748525090327,77.4201455020591
1269,Waste,Completed,23.239539211005958,77.42297857695038
1270,Water Supply,Pending,23.24277884618964,77.4161696504602
1271,Waste,Pending,23.237095089130893,77.42018683191037
1272,Waste,Pending,23.24064597065996,77.41991483694606
1273,Pothole,Completed,23.238319802119648,77.4217973129074
1274,Drainage,Pending,23.23962779080239,77.42048019371873
1275,Water Supply,Completed,23.240327431838665,77.42206708754827
1276,Waste,Completed,23.23974777179218,77.41685020189503
1277,Pothole,Pending,23.2392347944313,77.4207580935402
1278,Waste,Completed,23.23817865525935,77.42264886455185
1279,Streetlight,Completed,23.236990095680955,77.4190169004191
1280,Streetlight,Completed,23.23968565053404,77.42096905502987
1281,Drainage,Pending,23.24001238286659,77.42134576102792
1282,Water Supply,Cancelled,23.238376925636697,77.41731979404783
1283,Drainage,Pending,23.237678458383403,77.41638572430139
1284,Waste,Pending,23.23862879219843,77.42173105844866
1285,Pothole,Pending,23.240358203966846,77.41827100915899
1286,Waste,Completed,23.239689235133845,77.41789248720283
1287,Waste,Pending,23.239874714911455,77.4183244552397
1288,Pothole,Completed,23.238061666818055,77.41855894162185
1289,Pothole,Completed,23.23816465814966,77.42284406749934
1290,Waste,Pending,23.241125565289533,77.41930000706172
1291,Drainage,Pending,23.23765430805152,77.42432953014418
1292,Streetlight,Completed,23.2434658794609,77.42255799971718
1293,Pothole,Completed,23.240356380469493,77.42103858087384
1294,Pothole,Pending,23.241170498890586,77.42081888750333
1295,Streetlight,Pending,23.241134279626987,77.42301587206778
1296,Waste,Pending,23.238900123455043,77.42073598162222
1297,Waste,Completed,23.242089611383268,77.41954775525414
1298,Streetlight,Completed,23.24256978687991,77.41830297270216
1299,Water Supply,Cancelled,23.240278047801766,77.42048218020098
1300,Streetlight,Completed,23.24074262578199,77.42064835188567
1301,Pothole,Pending,23.244013193119578,77.42227259394596
1302,Pothole,Pending,23.242634659684224,77.40013654768886
1303,Waste,Pending,23.23891786564676,77.43844515539206
1304,Streetlight,Completed,23.238778152230463,77.43259864935762
1305,Pothole,Pending,23.238678055090926,77.43750670742871
1306,Water Supply,Pending,23.2866226645315,77.42004985253433
1307,Drainage,Pending,23.27841636080594,77.39587445678588
1308,Pothole,Pending,23.239067053280337,77.40348473961167
1309,Waste,Pending,23.25128992488196,77.41472618499797
1310,Waste,Pending,23.239862455846087,77.4102970192225
1311,Pothole,Completed,23.27716016556436,77.38640909506299
1312,Waste,Cancelled,23.257587851677346,77.39019378436812
1313,Streetlight,Pending,23.230361337143723,77.39310738074401
1314,Waste,Completed,23.28168214911543,77.39968566175561
1315,Pothole,Completed,23.250032275012977,77.41649990767633
1316,Drainage,Pending,23.239617443895114,77.38845424831977
1317,Pothole,Completed,23.23248899502738,77.43964496020683
1318,Waste,Pending,23.251472559780197,77.39776888973036
1319,Waste,Completed,23.239978294773056,77.39273930344119
1320,Streetlight,Completed,23.257421920276283,77.4351161965996
1321,Waste,Pending,23.245272841544004,77.41014965915075
1322,Streetlight,Completed,23.28265746448509,77.42557504806949
1323,Streetlight,Pending,23.231767298410176,77.40929794005264
1324,Water Supply,Pending,23.234997210368757,77.39889614362652
1325,Drainage,Pending,23.252236362274317,77.39141664613064
1326,Pothole,Pending,23.233330486275904,77.44059502679072
1327,Waste,Completed,23.287719377493783,77.41625572910556
1328,Drainage,Cancelled,23.239381937316836,77.38412244770099
1329,Pothole,Completed,23.231969335482027,77.39435623863062
1330,Drainage,Cancelled,23.258354110945152,77.398682787132
1331,Streetlight,Completed,23.23994724832711,77.4206589964476
1332,Waste,Cancelled,23.240208511453357,77.39473190404571
1333,Pothole,Completed,23.28102724514574,77.41437664792764
1334,Pothole,Pending,23.258855047248286,77.38409251388943
1335,Streetlight,Pending,23.249810617267535,77.3989654753117
1336,Waste,Pending,23.254047153903812,77.38602044531946
1337,Pothole,Completed,23.258967759196157,77.39632075997713
1338,Water Supply,Pending,23.264688227638366,77.42424519964617
1339,Pothole,Completed,23.249302531071702,77.43824787323605
1340,Waste,Completed,23.27217864883207,77.40553705560019
1341,Waste,Completed,23.262883615960778,77.4134451903786
1342,Streetlight,Completed,23.2373075865329,77.4219098981219
1343,Water Supply,Completed,23.270573605017155,77.38623901589497
1344,Pothole,Completed,23.24274365163952,77.43249152883955
1345,Pothole,Completed,23.269113409745767,77.38555799634948
1346,Drainage,Completed,23.252120914330508,77.38644242462395
1347,Pothole,Pending,23.236619909603014,77.39162552058123
1348,Pothole,Pending,23.23464386325241,77.44005132877345
1349,Water Supply,Completed,23.23845406724933,77.41740255484046
1350,Streetlight,Pending,23.284562370340538,77.39667378217398
1351,Water Supply,Completed,23.269902252702106,77.39853589132474
1352,Pothole,Completed,23.274905079655735,77.39226781554191
1353,Streetlight,Completed,23.23937231927426,77.40592497250572
1354,Pothole,Completed,23.266713061060706,77.38265904401801
1355,Pothole,Pending,23.24975100467386,77.43482402731875
1356,Waste,Pending,23.285554837757843,77.43581114135773
1357,Drainage,Completed,23.266949799783795,77.41588564915743
1358,Waste,Pending,23.251381942067653,77.40318270936791
1359,Pothole,Pending,23.287196147153924,77.39938143271914
1360,Drainage,Pending,23.260815867482552,77.39676367635346
1361,Pothole,Pending,23.239176460621856,77.38629061729571
1362,Waste,Completed,23.231941840177857,77.42220994904334
1363,Streetlight,Completed,23.25995378450766,77.41471473186911
1364,Waste,Cancelled,23.26452630421794,77.40731085084228
1365,Streetlight,Completed,23.258801083768084,77.41117922557437
1366,Waste,Pending,23.24620008772505,77.40193700967893
1367,Waste,Pending,23.236114846012807,77.42937264652252
1368,Waste,Completed,23.268946349364494,77.43125453997511
1369,Streetlight,Pending,23.23847605941221,77.42919262752118
1370,Pothole,Pending,23.2571499904733,77.40300576864166
1371,Drainage,Completed,23.285827646535143,77.41098812968404
1372,Pothole,Completed,23.267199180080127,77.43466228756971
1373,Waste,Completed,23.278492258151374,77.39308879384402
1374,Waste,Pending,23.268769746476732,77.38862524618388
1375,Waste,Pending,23.26463937086302,77.43365295530502
1376,Streetlight,Completed,23.233491072274973,77.38468776876496
1377,Waste,Pending,23.233861325693464,77.39117077103855
1378,Waste,Pending,23.264488647023406,77.40207743458492
1379,Streetlight,Pending,23.28180961456478,77.40153697023129
1380,Pothole,Pending,23.266358007461132,77.42330967762886
1381,Waste,Pending,23.265083654433063,77.43700720036013
1382,Streetlight,Pending,23.26949146930767,77.38931203776575
1383,Water Supply,Pending,23.236822036649098,77.38379469464734
1384,Streetlight,Pending,23.271084658243037,77.41985799489882
1385,Waste,Pending,23.26293095836057,77.41806066988912
1386,Water Supply,Pending,23.248118376538713,77.44144076948194
1387,Pothole,Cancelled,23.241987420694976,77.41182081998281
1388,Pothole,Completed,23.263763817393503,77.40785941938691
1389,Waste,Pending,23.275645719514596,77.43412154788157
1390,Waste,Completed,23.232778988989814,77.4294801839779
1391,Waste,Completed,23.24814881683299,77.38663352474765
1392,Streetlight,Pending,23.255303159482043,77.38994429177689
1393,Streetlight,Pending,23.2674144220665,77.38557730770282
1394,Pothole,Completed,23.267945392359746,77.43830427446323
1395,Drainage,Pending,23.249778330325938,77.40529979501754
1396,Pothole,Completed,23.24913103046905,77.40898598199932
1397,Streetlight,Pending,23.265497409049697,77.39717541157414
1398,Streetlight,Pending,23.24712745177014,77.42656147699002
1399,Waste,Completed,23.23318634803747,77.43915470754949
1400,Drainage,Cancelled,23.230867959154278,77.42481720335532
1401,Waste,Pending,23.256755518870342,77.43949513412018
1402,Streetlight,Completed,23.256697844835323,77.43835748714807
1403,Waste,Completed,23.235259607844494,77.40169820799235
1404,Pothole,Pending,23.25091295152958,77.44086999781149
1405,Water Supply,Pending,23.268949896723058,77.40516953489414
1406,Streetlight,Pending,23.27178986125355,77.38424572506266
1407,Drainage,Cancelled,23.27724187452098,77.39838459260221
1408,Pothole,Pending,23.259133651132107,77.40103876521162
1409,Waste,Pending,23.265290109616124,77.39958379149908
1410,Drainage,Pending,23.281113244864624,77.40101974564773
1411,Pothole,Pending,23.26779901074336,77.42500690811457
1412,Water Supply,Completed,23.252435958095447,77.43451834170182
1413,Pothole,Completed,23.24139075292216,77.41714043797909
1414,Waste,Pending,23.230946154106725,77.39241840956214
1415,Waste,Completed,23.269863257848574,77.42443969258998
1416,Streetlight,Pending,23.27766666893246,77.40587967928285
1417,Streetlight,Completed,23.263437375701166,77.39135563191267
1418,Drainage,Cancelled,23.242710812038627,77.38623664874942
1419,Drainage,Completed,23.24257349682652,77.43523159373446
1420,Pothole,Pending,23.276957415628832,77.42949789533705
1421,Drainage,Completed,23.26112846429901,77.3985905741883
1422,Streetlight,Completed,23.286177539100663,77.4295208552259
1423,Drainage,Completed,23.28900110771891,77.40737607819197
1424,Pothole,Pending,23.27063882447794,77.40593303099149
1425,Pothole,Pending,23.25027315633303,77.44168016844566
1426,Water Supply,Completed,23.279743931555274,77.38739279536664
1427,Waste,Completed,23.28457633717376,77.39253741714965
1428,Streetlight,Pending,23.258145018303335,77.44089634329612
1429,Pothole,Completed,23.260660821850134,77.41142822772068
1430,Waste,Pending,23.230127766827554,77.41909996245985
1431,Drainage,Cancelled,23.282149402595298,77.39515341396641
1432,Streetlight,Completed,23.272606616565184,77.43187432901966
1433,Streetlight,Completed,23.264443995447614,77.42261103071675
1434,Pothole,Completed,23.258294368458856,77.41427492180199
1435,Pothole,Completed,23.255751253389246,77.434610974053
1436,Drainage,Pending,23.243833101285755,77.40387907742928
1437,Waste,Completed,23.273653725641466,77.43077700081612
1438,Pothole,Pending,23.280497047705218,77.43682307283676
1439,Streetlight,Completed,23.25978917999598,77.39111789776807
1440,Pothole,Pending,23.23703545889505,77.38755035872103
1441,Pothole,Completed,23.242642312278512,77.3881643490947
1442,Drainage,Completed,23.233195003866182,77.40211070750146
1443,Pothole,Completed,23.254595838231232,77.3829739587944
1444,Drainage,Pending,23.24592212372689,77.44188622133339
1445,Waste,Completed,23.28756675608902,77.43587735364754
1446,Waste,Pending,23.2525952253537,77.40647187246066
1447,Streetlight,Completed,23.28069592813589,77.422641630665
1448,Streetlight,Pending,23.250440145881914,77.42207206846416
1449,Streetlight,Pending,23.28767053546765,77.4031235201283
1450,Streetlight,Pending,23.251747241348795,77.40042068411863
1451,Water Supply,Pending,23.272490124367412,77.42515750791031
1452,Drainage,Cancelled,23.234622400379966,77.38773260540553
1453,Waste,Pending,23.279653726927346,77.38418556666265
1454,Streetlight,Completed,23.231991629397687,77.44028782548276
1455,Drainage,Pending,23.271450331122697,77.39379701608296
1456,Drainage,Pending,23.24208817765663,77.39842037972517
1457,Waste,Pending,23.27973957219948,77.39167591565766
1458,Waste,Pending,23.283108612537408,77.42631805999086
1459,Waste,Completed,23.274980885347187,77.40782041118624
1460,Water Supply,Completed,23.27810666982019,77.38587507475773
1461,Waste,Completed,23.25664762389063,77.42863258928759
1462,Drainage,Completed,23.246140484612273,77.41869560038481
1463,Pothole,Completed,23.27480051482019,77.40950772144093
1464,Pothole,Completed,23.288784322430345,77.38909453358023
1465,Streetlight,Pending,23.28227734170751,77.41683809264562
1466,Pothole,Cancelled,23.231903230202263,77.38978313299228
1467,Streetlight,Cancelled,23.251113185405895,77.42056590055093
1468,Waste,Completed,23.282594704439845,77.41673282361388
1469,Drainage,Pending,23.251782772660448,77.3935813748277
1470,Pothole,Pending,23.244193702664884,77.43321727076368
1471,Streetlight,Pending,23.247356386456985,77.3885093652648
1472,Drainage,Completed,23.247027535057825,77.40829209042242
1473,Waste,Pending,23.27535618610732,77.38728869652631
1474,Waste,Pending,23.238784962469428,77.43208346124841
1475,Waste,Pending,23.28712256034287,77.4060012956987
1476,Waste,Pending,23.27967418635194,77.3848337170883
1477,Streetlight,Pending,23.237162581515772,77.41047946384737
1478,Waste,Cancelled,23.240585883936475,77.40563467732967
1479,Streetlight,Cancelled,23.250927329785362,77.42402829822396
1480,Waste,Completed,23.251285230234345,77.3920062038492
1481,Drainage,Pending,23.237639842642093,77.40081135566945
1482,Water Supply,Cancelled,23.2373102546079,77.42038274340143
1483,Streetlight,Pending,23.233609381440537,77.38864172326649
1484,Waste,Completed,23.285052262108067,77.42756621288763
1485,Pothole,Pending,23.269871366458826,77.39563565346812
1486,Streetlight,Completed,23.25694504128427,77.43574429269653
1487,Waste,Cancelled,23.230926544711615,77.44072284380812
1488,Streetlight,Cancelled,23.2631755570782,77.39637058629762
1489,Water Supply,Cancelled,23.273342449516797,77.38569533707333
1490,Drainage,Pending,23.242552509067135,77.42499613365365
1491,Drainage,Pending,23.237021637330113,77.39146300618256
1492,Drainage,Completed,23.233817127832708,77.38640654887752
1493,Waste,Pending,23.23484024027418,77.40531269305909
1494,Waste,Pending,23.262387839772675,77.42587608483682
1495,Pothole,Completed,23.28171102222235,77.39691281002952
1496,Drainage,Cancelled,23.277647268115395,77.39228679425
1497,Pothole,Completed,23.242614838524798,77.40896484156039
1498,Waste,Completed,23.243053120423426,77.41260253989665
1499,Drainage,Cancelled,23.28319920088683,77.38700959168953
1500,Pothole,Completed,23.27286032228927,77.40569717208567
1501,Streetlight,Completed,23.2633730520519,77.4061407680278
1502,Water Supply,Pending,23.28377476569539,77.40850328292092
1503,Drainage,Completed,23.24622356759587,77.40904374481215
1504,Waste,Pending,23.274869880151464,77.44104629930709
1505,Waste,Completed,23.26741540961469,77.437331703665
1506,Pothole,Completed,23.267931427197308,77.42262045397406
1507,Streetlight,Completed,23.2313391087793,77.41430415874653
1508,Streetlight,Completed,23.254649412447645,77.43836164080417
1509,Pothole,Cancelled,23.254172491710282,77.40485168400629
1510,Pothole,Cancelled,23.254289155379336,77.40351948165203
1511,Drainage,Pending,23.24986096848008,77.4203667011266
1512,Water Supply,Completed,23.257276823325988,77.43903060987795
1513,Waste,Cancelled,23.237384497405287,77.4182152849367
1514,Waste,Pending,23.285395161159634,77.43077800630705
1515,Drainage,Pending,23.244754930586105,77.42856234164567
1516,Pothole,Pending,23.254546416493604,77.43148464062304
1517,Waste,Cancelled,23.246129971701873,77.42630013367501
1518,Water Supply,Completed,23.252051013644703,77.38769175838824
1519,Water Supply,Completed,23.23541081422965,77.41127547476808
1520,Drainage,Pending,23.265214060899883,77.41439593031329
1521,Waste,Pending,23.240847520603424,77.42069330903617
1522,Pothole,Completed,23.283172296246377,77.39618586773554
1523,Pothole,Completed,23.286565157120044,77.4058958700971
1524,Water Supply,Completed,23.267956471859794,77.44047522679321
1525,Pothole,Completed,23.2394697770566,77.41002960482548
1526,Drainage,Completed,23.249343322083803,77.42047286591387
1527,Drainage,Completed,23.279708656292314,77.41415933105127
1528,Pothole,Pending,23.282381916956307,77.39299638473716
1529,Streetlight,Completed,23.23664984138488,77.38861501862068
1530,Waste,Pending,23.243408590598122,77.4003851299965
1531,Streetlight,Completed,23.288836924556374,77.38680694211344
1532,Waste,Pending,23.27381389557867,77.39815133473404
1533,Pothole,Completed,23.28679654613176,77.43857305277078
1534,Waste,Pending,23.23195509784134,77.40465151554201
1535,Waste,Pending,23.273685824519248,77.41879730980487
1536,Drainage,Pending,23.272592410537897,77.38953814385232
1537,Pothole,Completed,23.287679529802304,77.41824080347008
1538,Pothole,Pending,23.232968523165223,77.43689990638967
1539,Pothole,Pending,23.281964780211364,77.4347525472707
1540,Streetlight,Pending,23.237145335196264,77.41106722893299
1541,Streetlight,Completed,23.28382808970897,77.43786753018571
1542,Streetlight,Pending,23.28018248751644,77.42075136350655
1543,Waste,Pending,23.276542723176192,77.38792318987058
1544,Pothole,Pending,23.261368750581948,77.42091349091827
1545,Streetlight,Pending,23.237878580268436,77.428189308669
1546,Pothole,Completed,23.28499901562305,77.386435424404
1547,Drainage,Completed,23.242714792394924,77.42147462492089
1548,Waste,Pending,23.237225918845965,77.44207650929009
1549,Pothole,Pending,23.24236994711687,77.43209395768434
1550,Water Supply,Completed,23.23077764335597,77.43733678633889
1551,Drainage,Pending,23.258183859644337,77.43311203375615
1552,Pothole,Completed,23.25790281741108,77.43945243448357
1553,Waste,Completed,23.274495184849407,77.40010235138936
1554,Pothole,Completed,23.264581084563762,77.40960741010512
1555,Streetlight,Completed,23.277907795488755,77.44071182939322
1556,Pothole,Cancelled,23.247457836686838,77.38954364800365
1557,Waste,Completed,23.241184249890534,77.38361776727218
1558,Waste,Completed,23.240660490386556,77.43015035952672
1559,Drainage,Pending,23.240861055974673,77.4393738749699
1560,Water Supply,Completed,23.239610124909696,77.40665605702486
1561,Streetlight,Pending,23.235471136646936,77.43365739788025
1562,Pothole,Completed,23.239694323071472,77.42608056609502
1563,Streetlight,Completed,23.28764065530344,77.3988622771565
1564,Streetlight,Pending,23.250513900127572,77.4238521229709
1565,Waste,Pending,23.241483180714365,77.44102565438727
1566,Streetlight,Completed,23.255863370701423,77.42105631196331
1567,Waste,Completed,23.232938966709302,77.43152780704942
1568,Waste,Pending,23.285598914808915,77.39986090548483
1569,Waste,Completed,23.24027363596897,77.39182377442616
1570,Pothole,Pending,23.273003023161518,77.43365177002534
1571,Waste,Pending,23.261908459841276,77.40023688593756
1572,Pothole,Completed,23.241200903106808,77.42223380519829
1573,Waste,Pending,23.28465360030652,77.38913519092759
1574,Streetlight,Pending,23.25427873339476,77.43834246784884
1575,Water Supply,Cancelled,23.259667323803335,77.41226180426759
1576,Pothole,Completed,23.28131782443637,77.44116590405841
1577,Waste,Pending,23.260981376989875,77.39363545335148
1578,Pothole,Completed,23.240739033566566,77.40698278908535
1579,Streetlight,Completed,23.28514655666609,77.40593808867422
1580,Waste,Pending,23.281176092655585,77.40483494524068
1581,Pothole,Pending,23.275980456870702,77.39109676936492
1582,Waste,Pending,23.25538211487611,77.43134042822348
1583,Pothole,Pending,23.28920437730719,77.43903869496779
1584,Streetlight,Completed,23.27780610352856,77.38846806205393
1585,Streetlight,Completed,23.27924143682816,77.41334328151312
1586,Streetlight,Completed,23.287358629643485,77.42364332747258
1587,Drainage,Completed,23.258470506738284,77.39490855439443
1588,Pothole,Completed,23.284193268806547,77.38941463898695
1589,Water Supply,Completed,23.266398257713487,77.43311489218189
1590,Water Supply,Completed,23.27872394813052,77.38371381844115
1591,Drainage,Pending,23.273521774530543,77.39784047729204
1592,Waste,Pending,23.236139334345996,77.43945064650445
1593,Waste,Pending,23.266238607748054,77.41536236612161
1594,Drainage,Completed,23.284975656025598,77.44190853228207
1595,Waste,Completed,23.278115255318745,77.4166602573316
1596,Pothole,Pending,23.24942090729243,77.38671510088757
1597,Waste,Completed,23.288476256078336,77.4386460239387
1598,Drainage,Pending,23.242843619352843,77.42796199852167
1599,Pothole,Pending,23.27132235408449,77.43062763557919
1600,Pothole,Completed,23.26734315129705,77.40862023031987
