ID,Latitude,Longitude,cluster_id,hotspot_risk_level
1,23.257166870416885,77.41363988119201,0,HIGH
2,23.258522751784675,77.4152866921999,0,HIGH
3,23.25667620336898,77.41164550556115,0,HIGH
4,23.261520259995265,77.40797728555111,0,HIGH
5,23.257404661031305,77.41223276747819,0,HIGH
6,23.260304824284173,77.41433703721334,0,HIGH
7,23.25951704854351,77.41207712062675,0,HIGH
8,23.257940406300715,77.41359990694865,0,HIGH
9,23.25991671508481,77.41395470957086,0,HIGH
10,23.258830412168574,77.41147953965388,0,HIGH
11,23.26160797004141,77.41335598544799,0,HIGH
12,23.257573700025407,77.41501438477115,0,HIGH
13,23.260022347340215,77.41250644064114,0,HIGH
14,23.261219450348374,77.41153132887922,0,HIGH
15,23.262325352970855,77.41175779205648,0,HIGH
16,23.257822454488313,77.41027718191334,0,HIGH
17,23.26067950880748,77.41347859453926,0,HIGH
18,23.25984683001894,77.41655341274718,0,HIGH
19,23.2628036947049,77.41018465567693,0,HIGH
20,23.261021132715804,77.41004082597746,0,HIGH
21,23.260864857006233,77.4119904947022,0,HIGH
22,23.264047981319457,77.41491600744297,0,HIGH
23,23.257329295396364,77.4132429698273,0,HIGH
24,23.26222219152494,77.41250534684458,0,HIGH
25,23.25908767344835,77.41297996628644,0,HIGH
26,23.259405875030673,77.41280502690877,0,HIGH
27,23.2592339684933,77.41178955697644,0,HIGH
28,23.25956080370776,77.41177321899897,0,HIGH
29,23.25940927292967,77.41206860413122,0,HIGH
30,23.26263339372978,77.41081815114069,0,HIGH
31,23.259377472328733,77.41502425574737,0,HIGH
32,23.25789403406714,77.41206485656258,0,HIGH
33,23.25961943170124,77.41417635806528,0,HIGH
34,23.258617244343657,77.40806016623219,0,HIGH
35,23.2612508896769,77.41128719733565,0,HIGH
36,23.262212705203197,77.40905278396116,0,HIGH
37,23.260298779548354,77.41532718492762,0,HIGH
38,23.259932015423175,77.41443717924757,0,HIGH
39,23.26199201996096,77.4142537539702,0,HIGH
40,23.25971087380528,77.41237915084618,0,HIGH
41,23.261245916986613,77.41492120738765,0,HIGH
42,23.257858870132964,77.41109480878241,0,HIGH
43,23.2617039882019,77.40955112681675,0,HIGH
44,23.258182255184533,77.412140318424,0,HIGH
45,23.26150215734853,77.4116005405354,0,HIGH
46,23.25898358356926,77.41612328054853,0,HIGH
47,23.258144444261784,77.41508558840222,0,HIGH
48,23.258883810879492,77.41669386781776,0,HIGH
49,23.260477627554053,77.41136550739061,0,HIGH
50,23.2573768038097,77.41377721192246,0,HIGH
51,23.257124036507193,77.41251551693496,0,HIGH
52,23.25694970365543,77.41156660665496,0,HIGH
53,23.2588333873622,77.41223204804436,0,HIGH
54,23.260890971082873,77.41510722813634,0,HIGH
55,23.258812243361696,77.4144691566274,0,HIGH
56,23.260926561820305,77.4113940496395,0,HIGH
57,23.25967635706948,77.40960399738299,0,HIGH
58,23.25729689679123,77.41335988464023,0,HIGH
59,23.25863359891093,77.4144259727133,0,HIGH
60,23.25995635717766,77.41393681210347,0,HIGH
61,23.260870644237663,77.41248594987441,0,HIGH
62,23.257073352373304,77.41415471713816,0,HIGH
63,23.264338998368512,77.41621602407102,0,HIGH
64,23.257933959614338,77.41680280371268,0,HIGH
65,23.259968969984865,77.41326179162986,0,HIGH
66,23.257161316764748,77.41419492195199,0,HIGH
67,23.26017393760895,77.4118890915535,0,HIGH
68,23.258012018557174,77.41307948951169,0,HIGH
69,23.25850691153931,77.41222702271455,0,HIGH
70,23.26045632899913,77.41291448846223,0,HIGH
71,23.259606434550008,77.41305394543225,0,HIGH
72,23.259149486249527,77.41004303270682,0,HIGH
73,23.259577527131576,77.40914244291035,0,HIGH
74,23.257011513738544,77.41415142195882,0,HIGH
75,23.261542128554993,77.41210749137416,0,HIGH
76,23.258774800846147,77.41176911229587,0,HIGH
77,23.25995375890257,77.40993247783862,0,HIGH
78,23.257784217588675,77.41605569779954,0,HIGH
79,23.260651824522313,77.41410669018772,0,HIGH
80,23.26156105792456,77.41084138484108,0,HIGH
81,23.260244496996116,77.41296558627947,0,HIGH
82,23.26077333266589,77.41335486760919,0,HIGH
83,23.256993245565127,77.41336470148623,0,HIGH
84,23.264646664667325,77.41095628210957,0,HIGH
85,23.259217846857233,77.4139335928513,0,HIGH
86,23.261582926826485,77.40816267395542,0,HIGH
87,23.26177860938278,77.41095875123165,0,HIGH
88,23.25758387646519,77.41341545512105,0,HIGH
89,23.25924063704514,77.41137149798416,0,HIGH
90,23.255849838739604,77.4119504760593,0,HIGH
91,23.26064281364164,77.41552384993359,0,HIGH
92,23.26209678119994,77.41382076247659,0,HIGH
93,23.259423302612586,77.41377065433369,0,HIGH
94,23.258871130690288,77.40872145991518,0,HIGH
95,23.25695436285803,77.4116313065478,0,HIGH
96,23.26280323733971,77.41512814785814,0,HIGH
97,23.25970286860986,77.412419067451,0,HIGH
98,23.257724090757964,77.41004272919571,0,HIGH
99,23.259879889213742,77.41082337244063,0,HIGH
100,23.258240096231944,77.41233533057418,0,HIGH
101,23.26345220050098,77.41053697636085,0,HIGH
102,23.261968230623896,77.4136549111651,0,HIGH
103,23.262613879021615,77.41246284110683,0,HIGH
104,23.260417038878753,77.41275111425459,0,HIGH
105,23.26218886663032,77.41033815154142,0,HIGH
106,23.25850541189512,77.41087797468195,0,HIGH
107,23.26022194223844,77.41192217182358,0,HIGH
108,23.26236065123293,77.41522212118917,0,HIGH
109,23.26049616745589,77.4123648786362,0,HIGH
110,23.259213609016676,77.41209016966951,0,HIGH
111,23.258610194288455,77.41387192749734,0,HIGH
112,23.25945832098466,77.41206385287042,0,HIGH
113,23.259507162401277,77.41465875146352,0,HIGH
114,23.25853095751428,77.41097681804524,0,HIGH
115,23.258126479778017,77.41471967290052,0,HIGH
116,23.25970019514438,77.41068648818613,0,HIGH
117,23.25868039551834,77.41285033661467,0,HIGH
118,23.25943544575696,77.41170636513792,0,HIGH
119,23.259557176532105,77.41294293924894,0,HIGH
120,23.26094820686693,77.41191284391606,0,HIGH
121,23.260440896329637,77.41287425292819,0,HIGH
122,23.25880125063117,77.41499435367238,0,HIGH
123,23.26462370401063,77.40935047171808,0,HIGH
124,23.2609880674744,77.41148497358239,0,HIGH
125,23.26273782626274,77.41355485235462,0,HIGH
126,23.259746997348945,77.4150987444249,0,HIGH
127,23.25799287618489,77.41480595735753,0,HIGH
128,23.261421326448385,77.41002260673547,0,HIGH
129,23.258837140401376,77.41200637616541,0,HIGH
130,23.260763356555664,77.40919872461896,0,HIGH
131,23.257194222949504,77.41177149443723,0,HIGH
132,23.261041454557635,77.4111322732242,0,HIGH
133,23.258284705806595,77.41417339174151,0,HIGH
134,23.25945264950691,77.41712737602603,0,HIGH
135,23.260719561092294,77.41003334070136,0,HIGH
136,23.261225425105977,77.4135802913815,0,HIGH
137,23.256591525635756,77.4101511176594,0,HIGH
138,23.25865186015715,77.41343084226936,0,HIGH
139,23.260414463794664,77.4150108164151,0,HIGH
140,23.260560152066677,77.4131015079294,0,HIGH
141,23.263014154622688,77.4105298611462,0,HIGH
142,23.262814584155112,77.41515603103977,0,HIGH
143,23.25917176198694,77.41240746763633,0,HIGH
144,23.259206683575577,77.41257230056924,0,HIGH
145,23.256748303744107,77.40992654613801,0,HIGH
146,23.257920776098484,77.41059823652206,0,HIGH
147,23.258877872379692,77.41091644141103,0,HIGH
148,23.25676107218351,77.41463807918788,0,HIGH
149,23.26555902713374,77.40998167143506,0,HIGH
150,23.260982772762475,77.41401306152241,0,HIGH
151,23.257225875168196,77.41154093204817,0,HIGH
152,23.25827140484719,77.41142441401719,0,HIGH
153,23.260435000647504,77.4142460631398,0,HIGH
154,23.26312695104694,77.40650432193246,0,HIGH
155,23.26067810905911,77.41237239415398,0,HIGH
156,23.260668202900693,77.4155073462488,0,HIGH
157,23.26053088536253,77.4101308346938,0,HIGH
158,23.259047231182446,77.41130767116316,0,HIGH
159,23.259543277287055,77.41323010892795,0,HIGH
160,23.25991442370562,77.41157693647745,0,HIGH
161,23.26118395781724,77.40965312442863,0,HIGH
162,23.25896030306087,77.4140596515804,0,HIGH
163,23.26126605763376,77.41157109335292,0,HIGH
164,23.25911326706956,77.41065723144446,0,HIGH
165,23.258641958593707,77.41449021140734,0,HIGH
166,23.26145169300537,77.41447794698081,0,HIGH
167,23.257625145229937,77.40998674015864,0,HIGH
168,23.259184377508294,77.41634506996343,0,HIGH
169,23.261138734876145,77.40725626648727,0,HIGH
170,23.258687822274695,77.41276106030007,0,HIGH
171,23.263706670012308,77.4109122511315,0,HIGH
172,23.258762354484674,77.41181497210097,0,HIGH
173,23.25775349199744,77.41410313400932,0,HIGH
174,23.260156286338862,77.4109181539669,0,HIGH
175,23.26036314134699,77.41343422990184,0,HIGH
176,23.26207331080495,77.41195267410417,0,HIGH
177,23.260763803064535,77.41059272367164,0,HIGH
178,23.256986706116052,77.4101789994276,0,HIGH
179,23.25911248127843,77.41367940446406,0,HIGH
180,23.25930175111083,77.41539968039483,0,HIGH
181,23.25986380439991,77.41253895693454,0,HIGH
182,23.260287322140144,77.41260085018921,0,HIGH
183,23.25796511040398,77.40983904317271,0,HIGH
184,23.259691271167796,77.41196865027042,0,HIGH
185,23.257839319856668,77.41247623685722,0,HIGH
186,23.258722488231847,77.41205679631454,0,HIGH
187,23.26331577394368,77.4138837807945,0,HIGH
188,23.259232693825947,77.41382158315899,0,HIGH
189,23.262707981252888,77.41136543305947,0,HIGH
190,23.26196005008728,77.4119488185764,0,HIGH
191,23.257572442284896,77.41466418011775,0,HIGH
192,23.26018338278242,77.40969297953261,0,HIGH
193,23.258871186884477,77.41063112254997,0,HIGH
194,23.252751635497017,77.41452920600356,-1,HIGH
195,23.258674488154575,77.41343354142053,0,HIGH
196,23.259987838692673,77.4126097466206,0,HIGH
197,23.261834719573425,77.41259028302737,0,HIGH
198,23.257878763892037,77.41024213499738,0,HIGH
199,23.261757745060542,77.41109225537694,0,HIGH
200,23.263029043829896,77.41069955762386,0,HIGH
201,23.26054746873058,77.40742687508407,0,HIGH
202,23.259535880585624,77.41376595050183,0,HIGH
203,23.260056210768205,77.41299160029452,0,HIGH
204,23.26096406637567,77.41701895664194,0,HIGH
205,23.25689238070108,77.40979650628327,0,HIGH
206,23.26153689537822,77.41373295740401,0,HIGH
207,23.26131647743998,77.41399489461628,0,HIGH
208,23.25886459604936,77.4127609408259,0,HIGH
209,23.2577511050636,77.41273670543906,0,HIGH
210,23.26232517698446,77.41497411354412,0,HIGH
211,23.25796991371257,77.41285795204202,0,HIGH
212,23.258453619197287,77.41168811473803,0,HIGH
213,23.258030847647312,77.41317611593146,0,HIGH
214,23.259283457348474,77.41336798650104,0,HIGH
215,23.25861881569148,77.41390501424259,0,HIGH
216,23.2583376835706,77.41249233966239,0,HIGH
217,23.262222458897735,77.41031384737599,0,HIGH
218,23.25786196839229,77.41229634203681,0,HIGH
219,23.259457266751916,77.41451329254285,0,HIGH
220,23.263146459455143,77.41106986004229,0,HIGH
221,23.2587296397534,77.41075850330795,0,HIGH
222,23.25967159567894,77.40964483030857,0,HIGH
223,23.257611195670233,77.40951213457731,0,HIGH
224,23.25793954209694,77.41096772156482,0,HIGH
225,23.25878244578445,77.41399339826357,0,HIGH
226,23.260881190595704,77.41320260990001,0,HIGH
227,23.259930565156047,77.412984329783,0,HIGH
228,23.256981805274933,77.41027693247726,0,HIGH
229,23.263065815719163,77.41185171769145,0,HIGH
230,23.260219086888615,77.41368134389273,0,HIGH
231,23.258722854364873,77.41485450275258,0,HIGH
232,23.261480543899903,77.4131067129374,0,HIGH
233,23.258068980608137,77.41184217474431,0,HIGH
234,23.26164803289615,77.41259059365302,0,HIGH
235,23.26119321963446,77.40861061936005,0,HIGH
236,23.25976761677228,77.41502541987248,0,HIGH
237,23.258999310208388,77.41340063771825,0,HIGH
238,23.26205335530839,77.41264799495944,0,HIGH
239,23.256735324067847,77.41842791221356,-1,HIGH
240,23.259015322938087,77.41245423546881,0,HIGH
241,23.25690319602661,77.4099672483722,0,HIGH
242,23.260152273596013,77.40977873257614,0,HIGH
243,23.260559474078157,77.4122894840478,0,HIGH
244,23.261836805266444,77.41342347050751,0,HIGH
245,23.261044046049044,77.41201257413513,0,HIGH
246,23.260845576827617,77.41515598312996,0,HIGH
247,23.262151240432743,77.41183385616607,0,HIGH
248,23.26300936537538,77.4098216761383,0,HIGH
249,23.2608385293111,77.41418654647897,0,HIGH
250,23.258365864115625,77.41213003721069,0,HIGH
251,23.260662579366898,77.40873971844246,0,HIGH
252,23.257018101917627,77.41119978312854,0,HIGH
253,23.25706862261678,77.41239454629734,0,HIGH
254,23.261630720838355,77.41455250329949,0,HIGH
255,23.261933372416273,77.41123198254769,0,HIGH
256,23.259340615098317,77.41254822700967,0,HIGH
257,23.261186053087645,77.41295184144492,0,HIGH
258,23.261892863009113,77.41338043952301,0,HIGH
259,23.254819133414554,77.41014103748068,0,HIGH
260,23.25358697114815,77.4116814569914,0,HIGH
261,23.256687278805313,77.41145892654728,0,HIGH
262,23.261631152784418,77.41308760716623,0,HIGH
263,23.258711178712048,77.41283010776556,0,HIGH
264,23.26048825696549,77.41116229589704,0,HIGH
265,23.26279084028591,77.41313909490617,0,HIGH
266,23.259060684390633,77.41580385650921,0,HIGH
267,23.260390890271864,77.41308635866466,0,HIGH
268,23.258365384696916,77.41158745167928,0,HIGH
269,23.258146256097582,77.41140920727159,0,HIGH
270,23.257965059814104,77.41084404193624,0,HIGH
271,23.26295699232546,77.41251195455814,0,HIGH
272,23.262076248118333,77.41319851398606,0,HIGH
273,23.260148342388614,77.40833072681087,0,HIGH
274,23.257773868908757,77.41601736531629,0,HIGH
275,23.258577054280455,77.41175984328136,0,HIGH
276,23.259621881817363,77.4073888960376,0,HIGH
277,23.25925767922126,77.41121147178318,0,HIGH
278,23.25872053573005,77.41252330857222,0,HIGH
279,23.25896065154544,77.41127034009308,0,HIGH
280,23.260083328871495,77.41394352619524,0,HIGH
281,23.261415168665916,77.40967462146773,0,HIGH
282,23.260522690198695,77.4105883051543,0,HIGH
283,23.26237025385138,77.41290345267356,0,HIGH
284,23.261945784109688,77.41248329559424,0,HIGH
285,23.26181000032909,77.41124175157073,0,HIGH
286,23.26165899560932,77.41204775644016,0,HIGH
287,23.262653204364128,77.41494757694693,0,HIGH
288,23.259937111703216,77.41296423149525,0,HIGH
289,23.259940825562424,77.41104440684379,0,HIGH
290,23.26109801640206,77.41583458234983,0,HIGH
291,23.260606146817164,77.4151161845975,0,HIGH
292,23.259357153692495,77.41343129460414,0,HIGH
293,23.261126600071673,77.4121155433354,0,HIGH
294,23.2635393984923,77.40867099008705,0,HIGH
295,23.262197651091107,77.41220850438923,0,HIGH
296,23.259302256900323,77.41076983172715,0,HIGH
297,23.261146308533025,77.41696293531474,0,HIGH
298,23.25768198054869,77.41146095942436,0,HIGH
299,23.257611031672376,77.40911872556819,0,HIGH
300,23.260636464632963,77.41370735792026,0,HIGH
301,23.262945382226356,77.4147306969311,0,HIGH
302,23.258370202090457,77.41477784869744,0,HIGH
303,23.257300150710797,77.41357037131702,0,HIGH
304,23.260675231010307,77.41209900277399,0,HIGH
305,23.260731248459027,77.41137092744268,0,HIGH
306,23.259237148176073,77.413072540428,0,HIGH
307,23.26231671649264,77.41333964782615,0,HIGH
308,23.257057687362316,77.4153329334984,0,HIGH
309,23.258541422375508,77.41256349059627,0,HIGH
310,23.26005659850063,77.4115718338366,0,HIGH
311,23.25927909222996,77.41112670515179,0,HIGH
312,23.26035416492463,77.41434454570636,0,HIGH
313,23.26180060057172,77.41464701549587,0,HIGH
314,23.261717632086604,77.4129620725156,0,HIGH
315,23.260033275485817,77.41033518508029,0,HIGH
316,23.26303641031273,77.41261738189037,0,HIGH
317,23.256970721680187,77.4111600689257,0,HIGH
318,23.260389614565444,77.41581564643897,0,HIGH
319,23.259950692017597,77.41368113130885,0,HIGH
320,23.259118241772804,77.40737040327406,0,HIGH
321,23.25819873414396,77.4082489227941,0,HIGH
322,23.26182521080465,77.41325965636713,0,HIGH
323,23.26104641809685,77.41354529101065,0,HIGH
324,23.260863220829982,77.41072750835156,0,HIGH
325,23.259126717568073,77.40956039418595,0,HIGH
326,23.258819558508016,77.41884730412683,0,HIGH
327,23.258788475067,77.41100460685527,0,HIGH
328,23.259377643716387,77.41364535078036,0,HIGH
329,23.2613389268579,77.41306058195266,0,HIGH
330,23.261406593040142,77.4129547587018,0,HIGH
331,23.260369261431084,77.41006938698341,0,HIGH
332,23.263466781843295,77.41384373034573,0,HIGH
333,23.26425253675347,77.4132933693174,0,HIGH
334,23.258299626393622,77.41098283177418,0,HIGH
335,23.259724047239676,77.41306052749867,0,HIGH
336,23.26040870262986,77.41578971388478,0,HIGH
337,23.26139814219941,77.41562637393173,0,HIGH
338,23.25831356793653,77.4122228881974,0,HIGH
339,23.25941046462146,77.4123158887372,0,HIGH
340,23.25843745042769,77.41459670841192,0,HIGH
341,23.261573102110525,77.41142652200725,0,HIGH
342,23.259245330098807,77.41233474215554,0,HIGH
343,23.26135277099132,77.41252897522266,0,HIGH
344,23.25525522052221,77.41203285129014,0,HIGH
345,23.259495877457866,77.41516178041,0,HIGH
346,23.257444839885913,77.41527846606778,0,HIGH
347,23.26134509424317,77.41227534870008,0,HIGH
348,23.255584264062655,77.41449781363126,0,HIGH
349,23.26196973708021,77.41414751322286,0,HIGH
350,23.256308272274573,77.41195356711147,0,HIGH
351,23.26227088959042,77.41078581746599,0,HIGH
352,23.26023562444304,77.41467092110926,0,HIGH
353,23.263010346706384,77.41365712531349,0,HIGH
354,23.257311097511575,77.41064668635155,0,HIGH
355,23.25649092445726,77.41541077901451,0,HIGH
356,23.259562561598884,77.41172864112009,0,HIGH
357,23.26257124030063,77.40993000230414,0,HIGH
358,23.25840140960147,77.41226261466693,0,HIGH
359,23.262772338376696,77.41546067665172,0,HIGH
360,23.26016001872013,77.41541567075437,0,HIGH
361,23.258796198525037,77.40970236312751,0,HIGH
362,23.25913465956508,77.4080700516508,0,HIGH
363,23.26059066269901,77.40963866107744,0,HIGH
364,23.260606465555345,77.41488148626921,0,HIGH
365,23.258804632437673,77.40871313330918,0,HIGH
366,23.25870908528337,77.40813180450465,0,HIGH
367,23.259652016519382,77.41485739507215,0,HIGH
368,23.25947171942943,77.41411487411467,0,HIGH
369,23.25760069098065,77.41454686812835,0,HIGH
370,23.259150557748804,77.41234906240527,0,HIGH
371,23.2621192701136,77.41286295581442,0,HIGH
372,23.25657148293062,77.41250311704646,0,HIGH
373,23.25758822224553,77.41181776884302,0,HIGH
374,23.260323844728276,77.41570353453862,0,HIGH
375,23.259151497228125,77.41069250958849,0,HIGH
376,23.258044658683183,77.41409582175379,0,HIGH
377,23.258152033019552,77.41213948334325,0,HIGH
378,23.259200812049183,77.41361287109079,0,HIGH
379,23.258388550204547,77.40952669840418,0,HIGH
380,23.2580359031892,77.41132392021822,0,HIGH
381,23.259738183675857,77.41627714517655,0,HIGH
382,23.263091755266498,77.41543431146029,0,HIGH
383,23.258353632817723,77.41590330091589,0,HIGH
384,23.259862627296165,77.4113366524064,0,HIGH
385,23.257604448993227,77.41385087676979,0,HIGH
386,23.25950851975153,77.41451419067226,0,HIGH
387,23.26203190053355,77.41394542477016,0,HIGH
388,23.261151360472724,77.41138418765428,0,HIGH
389,23.2597476358522,77.41465945129791,0,HIGH
390,23.262202443626077,77.41245410416767,0,HIGH
391,23.261556054634635,77.41299826265156,0,HIGH
392,23.257559506957623,77.41067364001103,0,HIGH
393,23.26054058406685,77.41473321526557,0,HIGH
394,23.262454536437517,77.41029310296453,0,HIGH
395,23.25684932953452,77.40905462110909,0,HIGH
396,23.260865785866898,77.4128096758116,0,HIGH
397,23.260505872258193,77.41475544076667,0,HIGH
398,23.259810874222723,77.4125292422971,0,HIGH
399,23.25822720267033,77.41497281313595,0,HIGH
400,23.25979870640623,77.4135018210207,0,HIGH
401,23.27190500482592,77.42741543276267,1,HIGH
402,23.2655781921003,77.42825793774938,1,HIGH
403,23.269747337229035,77.43244360267143,1,HIGH
404,23.27154857741232,77.42891465212713,1,HIGH
405,23.269572165948873,77.43023910330085,1,HIGH
406,23.269033071337233,77.42784914015671,1,HIGH
407,23.268874910493356,77.4297274439968,1,HIGH
408,23.26772419517782,77.43220152681324,1,HIGH
409,23.272385931577453,77.42889657311865,1,HIGH
410,23.27032424335533,77.4301367124417,1,HIGH
411,23.27190154778058,77.43205386318958,1,HIGH
412,23.267518582594317,77.43178733339381,1,HIGH
413,23.27147449552175,77.4285054963084,1,HIGH
414,23.267294499742075,77.42809796813508,1,HIGH
415,23.2687410658169,77.43422360595969,1,HIGH
416,23.27102022346776,77.43132511021048,1,HIGH
417,23.268873418020902,77.42747494340482,1,HIGH
418,23.26769778118629,77.43414568645481,1,HIGH
419,23.271682527053095,77.43146334537961,1,HIGH
420,23.27253964194255,77.42501480877658,1,HIGH
421,23.271081271506755,77.43175091830699,1,HIGH
422,23.27077638677602,77.4293063009367,1,HIGH
423,23.271677095602996,77.42828962773093,1,HIGH
424,23.271197475134336,77.43155840623365,1,HIGH
425,23.27268833536965,77.43104074163294,1,HIGH
426,23.270158788885873,77.43250103957004,1,HIGH
427,23.26939381812059,77.42820829167819,1,HIGH
428,23.269154967624083,77.42906173517012,1,HIGH
429,23.27054418730711,77.4309683585119,1,HIGH
430,23.27113057391948,77.43486028572151,1,HIGH
431,23.27098115766991,77.42898738822467,1,HIGH
432,23.26769741395969,77.43244757288626,1,HIGH
433,23.268946750375445,77.42863260570623,1,HIGH
434,23.27020032311378,77.43204671104024,1,HIGH
435,23.268795170437613,77.43055749283825,1,HIGH
436,23.270523802950276,77.42928662482173,1,HIGH
437,23.26507382945737,77.4285115147317,1,HIGH
438,23.270295215835695,77.43159104094731,1,HIGH
439,23.26646510231097,77.42816880653058,1,HIGH
440,23.269300438728592,77.43164352206655,1,HIGH
441,23.270776188222214,77.43037263105917,1,HIGH
442,23.26946895103027,77.43320591516627,1,HIGH
443,23.270776808006502,77.42873937420308,1,HIGH
444,23.270210058035957,77.42901167501081,1,HIGH
445,23.26984374741831,77.42888226047664,1,HIGH
446,23.27264574059631,77.42988706538812,1,HIGH
447,23.26822848137149,77.42989580367566,1,HIGH
448,23.27385970611858,77.42934734030274,1,HIGH
449,23.269815021864776,77.43252977384883,1,HIGH
450,23.27171503529231,77.42752620177914,1,HIGH
451,23.26647896565204,77.42950323933646,1,HIGH
452,23.268190486366965,77.43361349096675,1,HIGH
453,23.26684379428371,77.42773507011303,1,HIGH
454,23.269243792670643,77.42802406468498,1,HIGH
455,23.26990794318249,77.42942463134936,1,HIGH
456,23.269799067527963,77.4311493798924,1,HIGH
457,23.2725278708851,77.43139674711415,1,HIGH
458,23.26976462735996,77.42894003666795,1,HIGH
459,23.27288092161868,77.42898689420247,1,HIGH
460,23.271488358284294,77.42962251785754,1,HIGH
461,23.26812545124617,77.43362859603995,1,HIGH
462,23.273289492932246,77.42778982086882,1,HIGH
463,23.271635983952528,77.42684536201686,1,HIGH
464,23.26486267346174,77.43191876288883,1,HIGH
465,23.27096077732065,77.42897942265466,1,HIGH
466,23.26837814616934,77.4266616976129,1,HIGH
467,23.276173716166817,77.42651699343938,1,HIGH
468,23.269349735725275,77.43081912702895,1,HIGH
469,23.268131388377583,77.42989920077038,1,HIGH
470,23.270714516420583,77.43117857902013,1,HIGH
471,23.270736658457896,77.42925660165815,1,HIGH
472,23.2697487118774,77.43046330471746,1,HIGH
473,23.269821579422345,77.42772216822046,1,HIGH
474,23.26991505836596,77.42751365907677,1,HIGH
475,23.272983553415177,77.43090053600883,1,HIGH
476,23.269712491726057,77.43255511085793,1,HIGH
477,23.266135042232857,77.43265583648035,1,HIGH
478,23.26755619181897,77.42732629278966,1,HIGH
479,23.270096964616336,77.42826267147917,1,HIGH
480,23.271244660597677,77.43096494820452,1,HIGH
481,23.266354537999863,77.43306825292332,1,HIGH
482,23.270200133580115,77.42975784258618,1,HIGH
483,23.268037955077332,77.42686328263969,1,HIGH
484,23.27088832731622,77.4265499594587,1,HIGH
485,23.269264608687138,77.43286513248533,1,HIGH
486,23.268049983243248,77.42610657655524,1,HIGH
487,23.270164717902613,77.43161687945563,1,HIGH
488,23.267402601223587,77.42937033970269,1,HIGH
489,23.268690865573948,77.43324641185991,1,HIGH
490,23.268673225580468,77.43183651114006,1,HIGH
491,23.269200359008508,77.43131672662848,1,HIGH
492,23.27380396335184,77.43198382414148,1,HIGH
493,23.27215086642561,77.42929336847318,1,HIGH
494,23.2692432450525,77.42911060473119,1,HIGH
495,23.27017970699057,77.42990785317832,1,HIGH
496,23.266612966585203,77.43079639175322,1,HIGH
497,23.270703971466567,77.42831668916989,1,HIGH
498,23.27309317812563,77.43295028372113,1,HIGH
499,23.26814273132131,77.43335262658097,1,HIGH
500,23.267696715324572,77.43224645324119,1,HIGH
501,23.26830139488231,77.43288257481865,1,HIGH
502,23.273656995929542,77.4292588037856,1,HIGH
503,23.270146139358136,77.42999679393104,1,HIGH
504,23.27300086077788,77.43272464237714,1,HIGH
505,23.27065628240581,77.43042335804711,1,HIGH
506,23.272023621538143,77.42551074901282,1,HIGH
507,23.26755943070844,77.428179165147,1,HIGH
508,23.26915191674911,77.4322244842541,1,HIGH
509,23.27224356245239,77.43259805680049,1,HIGH
510,23.27300142056777,77.43038365379287,1,HIGH
511,23.271437063996615,77.42961128299893,1,HIGH
512,23.270620361531677,77.4301713669514,1,HIGH
513,23.271210514388574,77.42805476718672,1,HIGH
514,23.26872633330353,77.42618277816177,1,HIGH
515,23.27035393989118,77.42908588480859,1,HIGH
516,23.270693518636293,77.42911480857708,1,HIGH
517,23.26865652058916,77.42915367047995,1,HIGH
518,23.27085701864207,77.43005550668151,1,HIGH
519,23.269261896261085,77.42926827017794,1,HIGH
520,23.274099966430605,77.43323483616251,1,HIGH
521,23.27410262960557,77.43155181168248,1,HIGH
522,23.271476040164863,77.43084074214798,1,HIGH
523,23.27071426626626,77.43047530322785,1,HIGH
524,23.2682738755566,77.42796119728364,1,HIGH
525,23.26986543430499,77.43251665967058,1,HIGH
526,23.26675901204467,77.42986391094742,1,HIGH
527,23.271432800936363,77.42773963090737,1,HIGH
528,23.270509447961807,77.42959889386253,1,HIGH
529,23.272141779891943,77.43447822247862,1,HIGH
530,23.272322288928606,77.42938884067195,1,HIGH
531,23.272567309235075,77.4300285986826,1,HIGH
532,23.271810267670595,77.43115752508682,1,HIGH
533,23.26821635270893,77.42975382862312,1,HIGH
534,23.266085965492103,77.42889750078156,1,HIGH
535,23.26663713243328,77.43084296795337,1,HIGH
536,23.27030941902248,77.43298564645394,1,HIGH
537,23.275202393787527,77.43036723997878,1,HIGH
538,23.270686587653447,77.43083688411114,1,HIGH
539,23.270787411317365,77.42736899384907,1,HIGH
540,23.27149765422885,77.43060705143338,1,HIGH
541,23.27156504548866,77.43236558312755,1,HIGH
542,23.270032159837076,77.42813765310514,1,HIGH
543,23.269168956710793,77.43129501134442,1,HIGH
544,23.271275135036273,77.42597778197181,1,HIGH
545,23.267312040497732,77.42984968798908,1,HIGH
546,23.26956743980334,77.42836291157604,1,HIGH
547,23.26983243567669,77.42778272878725,1,HIGH
548,23.270414360392195,77.43079743959426,1,HIGH
549,23.27039715146373,77.43349096018075,1,HIGH
550,23.267485003460777,77.43100817535621,1,HIGH
551,23.268812141702742,77.4319852155614,1,HIGH
552,23.26675467285672,77.43287001196133,1,HIGH
553,23.270798991795893,77.42965141490043,1,HIGH
554,23.271683397968243,77.43244259676658,1,HIGH
555,23.2690651818863,77.43014964412328,1,HIGH
556,23.27021911931469,77.43175455620201,1,HIGH
557,23.273213916954372,77.43060674771777,1,HIGH
558,23.27227132181722,77.43019463668642,1,HIGH
559,23.273547147880475,77.43400672978986,1,HIGH
560,23.267236715150897,77.42755181102851,1,HIGH
561,23.27111339964053,77.4302500954456,1,HIGH
562,23.26600783645059,77.43089383541995,1,HIGH
563,23.269825230195902,77.43211183214783,1,HIGH
564,23.27110844386779,77.43199058327065,1,HIGH
565,23.267045751203117,77.42661215655204,1,HIGH
566,23.269367736949256,77.42853538596232,1,HIGH
567,23.271152718153616,77.42917089255897,1,HIGH
568,23.271432660427173,77.43034861830542,1,HIGH
569,23.271623851824977,77.42818524387418,1,HIGH
570,23.271941998052245,77.43087094956157,1,HIGH
571,23.27040149253541,77.42530015497047,1,HIGH
572,23.27001470564832,77.42826560106991,1,HIGH
573,23.27348620765118,77.42842082686184,1,HIGH
574,23.26859568116244,77.43347210153641,1,HIGH
575,23.272677861622373,77.42854235560587,1,HIGH
576,23.270708630820508,77.42893075335986,1,HIGH
577,23.269461388147477,77.43419370004241,1,HIGH
578,23.269936837100847,77.42977083706332,1,HIGH
579,23.27269455178517,77.42977245361875,1,HIGH
580,23.268019319455423,77.42686237167301,1,HIGH
581,23.27209733615549,77.42825326237092,1,HIGH
582,23.270652270273075,77.43109136507347,1,HIGH
583,23.271333404771543,77.42882135266599,1,HIGH
584,23.26896830743671,77.4281244836329,1,HIGH
585,23.27045109299799,77.43087421753104,1,HIGH
586,23.27180394729731,77.43103492643914,1,HIGH
587,23.27207140313483,77.42903668777737,1,HIGH
588,23.26856258919083,77.4308661576848,1,HIGH
589,23.274157231225207,77.42857533449306,1,HIGH
590,23.272288845607715,77.42952955878403,1,HIGH
591,23.27377583223524,77.43201329976525,1,HIGH
592,23.268772336817808,77.4320882739297,1,HIGH
593,23.27199825904851,77.43173972476743,1,HIGH
594,23.26913003842076,77.42661887027488,1,HIGH
595,23.271186189174085,77.43053053352799,1,HIGH
596,23.268839320326343,77.4316234567814,1,HIGH
597,23.27071487995206,77.43260486078698,1,HIGH
598,23.268095928960708,77.4315366701564,1,HIGH
599,23.270688439562665,77.43086536826938,1,HIGH
600,23.272471023886087,77.4292089289925,1,HIGH
601,23.26854971338193,77.42951131767917,1,HIGH
602,23.26766211811436,77.43089075726628,1,HIGH
603,23.27006495175859,77.4310044428396,1,HIGH
604,23.269184181116703,77.42931892147769,1,HIGH
605,23.269391535239652,77.42756892596432,1,HIGH
606,23.271429155215543,77.43148981714457,1,HIGH
607,23.270259996607457,77.42889728305633,1,HIGH
608,23.270065720507667,77.42786052045409,1,HIGH
609,23.271212718022436,77.43130881618629,1,HIGH
610,23.27179677285225,77.42954039322261,1,HIGH
611,23.27097512249994,77.42581309576134,1,HIGH
612,23.27072454312432,77.43005469362978,1,HIGH
613,23.27026964468019,77.43254266303629,1,HIGH
614,23.27294425898023,77.4301288566501,1,HIGH
615,23.2742194620102,77.42916194767858,1,HIGH
616,23.269244485363217,77.42969535288988,1,HIGH
617,23.273195440559125,77.42829973372363,1,HIGH
618,23.271836803587448,77.43128268276391,1,HIGH
619,23.268453537019973,77.42863659078814,1,HIGH
620,23.27198582195195,77.43070906738633,1,HIGH
621,23.271760655284353,77.42996850162221,1,HIGH
622,23.266065054233813,77.4300060857056,1,HIGH
623,23.26730745401329,77.43257902776418,1,HIGH
624,23.270715907865497,77.42829545535334,1,HIGH
625,23.26621854572645,77.42875732332821,1,HIGH
626,23.272778487183068,77.42842891707022,1,HIGH
627,23.270879353879003,77.43045660020054,1,HIGH
628,23.273461590056467,77.4311876682488,1,HIGH
629,23.27133192482658,77.42694881910202,1,HIGH
630,23.26910989156512,77.43135923155063,1,HIGH
631,23.276455959315424,77.4294886869548,1,HIGH
632,23.27061867392432,77.42671746186329,1,HIGH
633,23.270076203657,77.43203836154224,1,HIGH
634,23.26684177949312,77.43022124001813,1,HIGH
635,23.270177767748017,77.42812202730178,1,HIGH
636,23.26955496177187,77.43086042795814,1,HIGH
637,23.26942471466489,77.43156712696513,1,HIGH
638,23.269248932573007,77.42838743948248,1,HIGH
639,23.27089805691636,77.4287767669667,1,HIGH
640,23.271619327954976,77.42994395234413,1,HIGH
641,23.2705777855779,77.43058706476927,1,HIGH
642,23.271711204853545,77.4277497156554,1,HIGH
643,23.267364567178372,77.43413738827422,1,HIGH
644,23.26972519545711,77.43245644797634,1,HIGH
645,23.272485404850677,77.43147627345287,1,HIGH
646,23.271746037905373,77.42968396120158,1,HIGH
647,23.271017417199495,77.4323659362608,1,HIGH
648,23.269892184344712,77.42993409998769,1,HIGH
649,23.27165631651843,77.43098379265665,1,HIGH
650,23.270312381391005,77.42737869288884,1,HIGH
651,23.27099458319663,77.42705822053306,1,HIGH
652,23.267643523029115,77.43230401489824,1,HIGH
653,23.269151752771077,77.42826078642334,1,HIGH
654,23.269030010374287,77.42698306541543,1,HIGH
655,23.270351510458458,77.42753740083702,1,HIGH
656,23.26972812637076,77.42848553186826,1,HIGH
657,23.269689624569605,77.4308919019102,1,HIGH
658,23.27330112645498,77.42706042325791,1,HIGH
659,23.26853075344116,77.42988943319517,1,HIGH
660,23.268536550021143,77.4281745417773,1,HIGH
661,23.27053296779178,77.43200337543897,1,HIGH
662,23.270045217733816,77.43104730375215,1,HIGH
663,23.27184488097914,77.4299278278611,1,HIGH
664,23.272529641255453,77.43044989620466,1,HIGH
665,23.26983928977128,77.42998835227004,1,HIGH
666,23.26980134902239,77.43495055847397,1,HIGH
667,23.269107588313055,77.43104681215243,1,HIGH
668,23.271447783662165,77.42887724603493,1,HIGH
669,23.2744742587728,77.42969134206012,1,HIGH
670,23.273127753679795,77.43031952713837,1,HIGH
671,23.270559654426513,77.43427585724703,1,HIGH
672,23.268960528362477,77.43096803647248,1,HIGH
673,23.272570107275428,77.42842875793771,1,HIGH
674,23.26882913581421,77.43085057224364,1,HIGH
675,23.27127655349623,77.42721610256653,1,HIGH
676,23.266956914471987,77.42989501675554,1,HIGH
677,23.26954679914177,77.42885958652158,1,HIGH
678,23.266978154209383,77.43010201896392,1,HIGH
679,23.26984898452996,77.43023010058131,1,HIGH
680,23.269045293385375,77.43163948319355,1,HIGH
681,23.268724460343694,77.43177213774234,1,HIGH
682,23.26622610465727,77.43051124200642,1,HIGH
683,23.26883174500125,77.4316461952256,1,HIGH
684,23.270536258988994,77.43287625928122,1,HIGH
685,23.27085424599976,77.4275848638489,1,HIGH
686,23.26772368304681,77.42839156550973,1,HIGH
687,23.268015976040022,77.431162295847,1,HIGH
688,23.271843203935475,77.43362556191093,1,HIGH
689,23.26985197263136,77.42995370403769,1,HIGH
690,23.269357208460814,77.43091851999732,1,HIGH
691,23.27352321494574,77.42962556438981,1,HIGH
692,23.26981201607728,77.43035376918682,1,HIGH
693,23.267334647200062,77.4277130801611,1,HIGH
694,23.267433652462017,77.43263940106472,1,HIGH
695,23.269755841494916,77.43328257961798,1,HIGH
696,23.269752977707213,77.42652466225528,1,HIGH
697,23.270423150914663,77.43326010942567,1,HIGH
698,23.270600331830767,77.43149968055428,1,HIGH
699,23.27277980193529,77.4278968696434,1,HIGH
700,23.270510032557645,77.43446113439549,1,HIGH
701,23.271353777879145,77.43031996652816,1,HIGH
702,23.26768552078278,77.43010998344464,1,HIGH
703,23.27014534873596,77.42965301461582,1,HIGH
704,23.26788017493056,77.43151395875111,1,HIGH
705,23.26945374964475,77.42867333239818,1,HIGH
706,23.267714407617675,77.42877217340155,1,HIGH
707,23.270120060691156,77.428661350299,1,HIGH
708,23.27495438855997,77.42808866517585,1,HIGH
709,23.267358030640192,77.42916469909143,1,HIGH
710,23.26896864788323,77.43144855029483,1,HIGH
711,23.26906272434159,77.43021682017908,1,HIGH
712,23.267585065963015,77.4311703708131,1,HIGH
713,23.26992282813868,77.43173640095556,1,HIGH
714,23.2706683565602,77.42640873720752,1,HIGH
715,23.27136888481764,77.42986453987866,1,HIGH
716,23.27333393607667,77.42671695557,1,HIGH
717,23.270514319413817,77.43097683658122,1,HIGH
718,23.26878722017741,77.4316740320269,1,HIGH
719,23.27336471690247,77.43105968489317,1,HIGH
720,23.26993580252165,77.43155702823657,1,HIGH
721,23.267387638179425,77.4272952435784,1,HIGH
722,23.271646918372937,77.42881789698772,1,HIGH
723,23.269023090874576,77.43091779492092,1,HIGH
724,23.271801072717757,77.43195893705014,1,HIGH
725,23.26917136389113,77.4317486140721,1,HIGH
726,23.271360945509493,77.42808567009158,1,HIGH
727,23.27158648554048,77.42885517403192,1,HIGH
728,23.27023154579618,77.43016623434116,1,HIGH
729,23.269259558102295,77.43059632409971,1,HIGH
730,23.267179209835355,77.42910736574416,1,HIGH
731,23.268831936103982,77.43186240198496,1,HIGH
732,23.27217876347472,77.43156502587678,1,HIGH
733,23.265341800193955,77.43250229553173,1,HIGH
734,23.268842167534867,77.42870777492844,1,HIGH
735,23.269142912105117,77.43097998402521,1,HIGH
736,23.271337494178905,77.43019442424736,1,HIGH
737,23.26890933567599,77.42662510283259,1,HIGH
738,23.271215338142355,77.42807626640086,1,HIGH
739,23.27449608038422,77.42652058592118,1,HIGH
740,23.271777191330273,77.43025279649754,1,HIGH
741,23.27074162685396,77.42959458468974,1,HIGH
742,23.26761036870521,77.42696235923165,1,HIGH
743,23.27359439801402,77.42834531903335,1,HIGH
744,23.269165979097785,77.43071294931055,1,HIGH
745,23.27150370496371,77.42916130799472,1,HIGH
746,23.272353539660127,77.42868489813002,1,HIGH
747,23.26811864756528,77.4280558621109,1,HIGH
748,23.266348000941377,77.43047539500988,1,HIGH
749,23.27007630972956,77.43105638951332,1,HIGH
750,23.26748224570878,77.43289284441003,1,HIGH
751,23.249568284123697,77.40370559397152,2,HIGH
752,23.25013043893781,77.39828859592744,2,HIGH
753,23.252407791893535,77.39939684005388,2,HIGH
754,23.247644776226455,77.39749015152236,2,HIGH
755,23.2505856560656,77.40062147183887,2,HIGH
756,23.251793129522383,77.40189971783104,2,HIGH
757,23.250539363308064,77.40025336699044,2,HIGH
758,23.25096273014146,77.40144798464117,2,HIGH
759,23.248587880339024,77.40226313956698,2,HIGH
760,23.253438362040583,77.39997708592716,2,HIGH
761,23.249884717527383,77.40133617000185,2,HIGH
762,23.253719321282286,77.4031033844528,2,HIGH
763,23.247114991396906,77.39972269895829,2,HIGH
764,23.2497918683427,77.40067678683093,2,HIGH
765,23.253883214863535,77.39749042272867,2,HIGH
766,23.25082252241508,77.40090567072019,2,HIGH
767,23.24839767682943,77.3992577784262,2,HIGH
768,23.25005958151499,77.40052695765847,2,HIGH
769,23.250082912761123,77.39920144861713,2,HIGH
770,23.248210290514407,77.40004956805902,2,HIGH
771,23.24728336679891,77.39991259749615,2,HIGH
772,23.252931459478816,77.40028534863455,2,HIGH
773,23.248883487410723,77.39686496346465,2,HIGH
774,23.250779048938742,77.39512015335441,2,HIGH
775,23.250037797509215,77.4030641565704,2,HIGH
776,23.255095162950497,77.39844193064442,2,HIGH
777,23.24819571935228,77.40335120994392,2,HIGH
778,23.250686440422648,77.40169037448226,2,HIGH
779,23.25139077541172,77.39932518167173,2,HIGH
780,23.25007830776806,77.40369192921062,2,HIGH
781,23.252657367388338,77.39812675907531,2,HIGH
782,23.252187728820356,77.39776261614257,2,HIGH
783,23.246361152250085,77.39564003713224,2,HIGH
784,23.25039592786163,77.39762873144119,2,HIGH
785,23.24486479085416,77.40399729083356,2,HIGH
786,23.249848213631235,77.40259168747951,2,HIGH
787,23.251278182819483,77.40186601498915,2,HIGH
788,23.24898565518093,77.39923862967338,2,HIGH
789,23.248847754645528,77.40068972807882,2,HIGH
790,23.252109943510085,77.39951031340807,2,HIGH
791,23.24659812457247,77.40278672905451,2,HIGH
792,23.251259177464153,77.39962886114866,2,HIGH
793,23.24906123380975,77.39944647767814,2,HIGH
794,23.250330253997245,77.39837640417835,2,HIGH
795,23.247733466956845,77.40144732144057,2,HIGH
796,23.249378144828455,77.4003657826632,2,HIGH
797,23.246846927985732,77.40133240596879,2,HIGH
798,23.249613472207766,77.39989336861697,2,HIGH
799,23.250055424791817,77.39856482580353,2,HIGH
800,23.248068270742863,77.40087804075371,2,HIGH
801,23.24855411082667,77.40081087790023,2,HIGH
802,23.24632954931434,77.39849494285696,2,HIGH
803,23.24674783470949,77.39906432111356,2,HIGH
804,23.25021225220933,77.40025460189389,2,HIGH
805,23.250185505709695,77.39957102843096,2,HIGH
806,23.24992616983228,77.39765987445425,2,HIGH
807,23.25291013107968,77.40179708535895,2,HIGH
808,23.25239303309676,77.40115023766987,2,HIGH
809,23.25250672975884,77.39946506749126,2,HIGH
810,23.247758060733627,77.4016673967465,2,HIGH
811,23.252661805199967,77.39820795057979,2,HIGH
812,23.248252825754093,77.39785044211342,2,HIGH
813,23.251214292672792,77.39896195910855,2,HIGH
814,23.25253246541186,77.40106213662789,2,HIGH
815,23.247858261947705,77.39884340316657,2,HIGH
816,23.24976652396548,77.40128455113933,2,HIGH
817,23.24706245556566,77.40087308873353,2,HIGH
818,23.25157657467958,77.39739590871822,2,HIGH
819,23.250078531869917,77.40043389244408,2,HIGH
820,23.25169945872011,77.39895941369063,2,HIGH
821,23.252579316229237,77.40072517894515,2,HIGH
822,23.249814716568363,77.40285662157692,2,HIGH
823,23.24973571224372,77.39688619810829,2,HIGH
824,23.24961103934184,77.4001519317339,2,HIGH
825,23.250367604825534,77.39881518749809,2,HIGH
826,23.252428295711756,77.3994374359678,2,HIGH
827,23.24813647267364,77.39798599072586,2,HIGH
828,23.25207894001353,77.40242295819378,2,HIGH
829,23.24537097027699,77.39880136911913,2,HIGH
830,23.256471090277643,77.39499079740777,-1,HIGH
831,23.25200259980853,77.40413039888989,2,HIGH
832,23.249777552462188,77.39662988112048,2,HIGH
833,23.253181754654573,77.40198272075295,2,HIGH
834,23.24831488937994,77.39666438267372,2,HIGH
835,23.250322772062823,77.40322289672959,2,HIGH
836,23.244127567689542,77.40292934893931,2,HIGH
837,23.24783490529112,77.39837490495232,2,HIGH
838,23.254564260093332,77.39841857238093,2,HIGH
839,23.252616981352517,77.40062249261373,2,HIGH
840,23.25238919749607,77.39699462485947,2,HIGH
841,23.249960868143297,77.39815842045395,2,HIGH
842,23.246667955750237,77.40165910670113,2,HIGH
843,23.249248555891217,77.39855643727796,2,HIGH
844,23.253351437086575,77.397728525492,2,HIGH
845,23.25028245739405,77.40092163393467,2,HIGH
846,23.25057442370864,77.39716010873418,2,HIGH
847,23.249510493268147,77.39687498378518,2,HIGH
848,23.25006949670358,77.40324577902126,2,HIGH
849,23.249230434850997,77.40142079410553,2,HIGH
850,23.255718350442756,77.40098186384935,-1,HIGH
851,23.24888403211468,77.39960281214634,2,HIGH
852,23.250097025535663,77.40203084535234,2,HIGH
853,23.247617416793947,77.40102984760203,2,HIGH
854,23.247100608701043,77.40145480249512,2,HIGH
855,23.24867167946223,77.40165608036834,2,HIGH
856,23.25180223282943,77.400938430877,2,HIGH
857,23.25102753227036,77.39841556594908,2,HIGH
858,23.252274494300647,77.39837631412311,2,HIGH
859,23.251466761671253,77.3984941642009,2,HIGH
860,23.251109259781447,77.39938339005403,2,HIGH
861,23.25057899112733,77.39897901186629,2,HIGH
862,23.251038907514996,77.40183386471217,2,HIGH
863,23.24856157744797,77.40238895104227,2,HIGH
864,23.252486592936663,77.3991353819446,2,HIGH
865,23.250252655051874,77.39923618133574,2,HIGH
866,23.251092381291116,77.40095126305187,2,HIGH
867,23.247661528933325,77.39705139413782,2,HIGH
868,23.245494621776043,77.40385551821754,2,HIGH
869,23.24934678673431,77.40113877998098,2,HIGH
870,23.244694006822417,77.3963992795418,2,HIGH
871,23.25174085799908,77.4000256062564,2,HIGH
872,23.250980815183617,77.40041790963004,2,HIGH
873,23.252515851579417,77.39828617875789,2,HIGH
874,23.24913420238482,77.39685002084062,2,HIGH
875,23.2497862033229,77.39801122404927,2,HIGH
876,23.251262458243136,77.39769318315655,2,HIGH
877,23.24833367623507,77.40194526237518,2,HIGH
878,23.24967046119085,77.40226901147845,2,HIGH
879,23.248387219389592,77.40082806532911,2,HIGH
880,23.25129193110173,77.40017931368475,2,HIGH
881,23.25110959369353,77.40092780602842,2,HIGH
882,23.24659222731272,77.40091976211131,2,HIGH
883,23.247108248464208,77.40025914869773,2,HIGH
884,23.252781963311868,77.40116095151654,2,HIGH
885,23.246382958722485,77.39773535428158,2,HIGH
886,23.251606799405327,77.40008356913982,2,HIGH
887,23.24972913437244,77.39999358568133,2,HIGH
888,23.25056957038583,77.39830179191836,2,HIGH
889,23.251600136636043,77.3988477688446,2,HIGH
890,23.252748416270848,77.40061147695775,2,HIGH
891,23.251014382126595,77.39737340921788,2,HIGH
892,23.251456809084345,77.3995090853634,2,HIGH
893,23.24816869831552,77.39892284841282,2,HIGH
894,23.248103164671083,77.40248084458948,2,HIGH
895,23.252048384650212,77.39859781374427,2,HIGH
896,23.251548378335528,77.39738239631713,2,HIGH
897,23.25061704539088,77.39915664428288,2,HIGH
898,23.250786902883487,77.401067457556,2,HIGH
899,23.251453045019808,77.40013089746563,2,HIGH
900,23.25005685085397,77.39975489969184,2,HIGH
901,23.253616261951688,77.40182818115186,2,HIGH
902,23.249401713911176,77.39764108884974,2,HIGH
903,23.25052940013695,77.40216980019571,2,HIGH
904,23.250189801452663,77.3984222694154,2,HIGH
905,23.24794212259995,77.39797640557646,2,HIGH
906,23.248742920570525,77.40064433915612,2,HIGH
907,23.254433766766855,77.40407528905422,2,HIGH
908,23.247945588103896,77.39674006295947,2,HIGH
909,23.247020131681765,77.40377510382893,2,HIGH
910,23.248436923130814,77.39842818466661,2,HIGH
911,23.248939734658247,77.39725841171129,2,HIGH
912,23.247799499447225,77.39994979686875,2,HIGH
913,23.24975524627581,77.40013877240065,2,HIGH
914,23.248783856106265,77.40062087636855,2,HIGH
915,23.25065079056335,77.39763095842444,2,HIGH
916,23.251278804138373,77.4047171228559,2,HIGH
917,23.250237645567378,77.4051810439683,2,HIGH
918,23.246726967857267,77.39961356457816,2,HIGH
919,23.24988082672363,77.39974979611715,2,HIGH
920,23.250486279604736,77.39977401546359,2,HIGH
921,23.25000895746667,77.40111373327254,2,HIGH
922,23.251156815041572,77.39936670581918,2,HIGH
923,23.24979137650887,77.39911215010675,2,HIGH
924,23.250992607853565,77.3977163397588,2,HIGH
925,23.246453305274752,77.40101752159391,2,HIGH
926,23.247778141328457,77.39904064353122,2,HIGH
927,23.249971803434885,77.40013855055986,2,HIGH
928,23.248046071564616,77.39736147224484,2,HIGH
929,23.2459547635558,77.39948018671288,2,HIGH
930,23.248853590334853,77.40088389512486,2,HIGH
931,23.25124590644705,77.39879627118653,2,HIGH
932,23.251197780708615,77.39951292276763,2,HIGH
933,23.246751747597138,77.40276744390732,2,HIGH
934,23.25029176457109,77.39953365248846,2,HIGH
935,23.249379005942263,77.40123334296037,2,HIGH
936,23.247713399499023,77.39491166481871,2,HIGH
937,23.249427639971476,77.39774277925551,2,HIGH
938,23.248455141939047,77.3973073516262,2,HIGH
939,23.25178252607951,77.3973998563699,2,HIGH
940,23.25028043090353,77.40185841142926,2,HIGH
941,23.24770244953613,77.4003875721895,2,HIGH
942,23.255356324289203,77.39691485828546,2,HIGH
943,23.250461368894698,77.39740771530349,2,HIGH
944,23.250096361416873,77.40035056196612,2,HIGH
945,23.250858823734188,77.39870762791239,2,HIGH
946,23.250163101123803,77.40106471932008,2,HIGH
947,23.248145679459576,77.39944909140311,2,HIGH
948,23.251073520854305,77.4009421876334,2,HIGH
949,23.248428734106515,77.40089563351198,2,HIGH
950,23.251116697734005,77.4004107998462,2,HIGH
951,23.24938274161784,77.40156276045764,2,HIGH
952,23.251238876221336,77.4009583850311,2,HIGH
953,23.25409292028013,77.3981943349845,2,HIGH
954,23.251153085893428,77.39687627847151,2,HIGH
955,23.251822412652174,77.39642915216068,2,HIGH
956,23.249253285586736,77.40317173632558,2,HIGH
957,23.251112405414176,77.39697432729278,2,HIGH
958,23.2485452277806,77.40184246202712,2,HIGH
959,23.251966965217733,77.39919611268851,2,HIGH
960,23.25107943644992,77.39760474206174,2,HIGH
961,23.248371600489016,77.4045534764991,2,HIGH
962,23.2514530331902,77.3967356219844,2,HIGH
963,23.250637931841563,77.39905922282128,2,HIGH
964,23.248008303240905,77.40059033646175,2,HIGH
965,23.25156787451958,77.40015642520528,2,HIGH
966,23.248332470444343,77.39856632219208,2,HIGH
967,23.24940347187117,77.39956170255753,2,HIGH
968,23.252096770305915,77.3987562406395,2,HIGH
969,23.252006448978634,77.40127604709008,2,HIGH
970,23.24816720636711,77.40231573736546,2,HIGH
971,23.25314611133353,77.40428707474857,2,HIGH
972,23.24930189952783,77.4027891210923,2,HIGH
973,23.245910333490617,77.39973029448537,2,HIGH
974,23.251589652514177,77.39863973879196,2,HIGH
975,23.24808501645666,77.39844658320892,2,HIGH
976,23.250050742412125,77.40228709088959,2,HIGH
977,23.247644083392625,77.39863235328315,2,HIGH
978,23.24528803372147,77.39929680246091,2,HIGH
979,23.24966852161809,77.39943174669418,2,HIGH
980,23.249775926610624,77.40212459896645,2,HIGH
981,23.24966518615704,77.40277857078712,2,HIGH
982,23.252516058522076,77.40043348973553,2,HIGH
983,23.2465163018411,77.40176211118099,2,HIGH
984,23.25004739266491,77.40054551080559,2,HIGH
985,23.25070565605381,77.3986366984452,2,HIGH
986,23.248346428030853,77.40226860397277,2,HIGH
987,23.250659464803945,77.40259629258517,2,HIGH
988,23.251660041466064,77.40125240443722,2,HIGH
989,23.250428620053963,77.39884020494529,2,HIGH
990,23.247831609817805,77.40118636822157,2,HIGH
991,23.25247861804605,77.40134923665994,2,HIGH
992,23.24957140830392,77.40141763333216,2,HIGH
993,23.24863907770903,77.40129549985217,2,HIGH
994,23.25027326208682,77.39749298457716,2,HIGH
995,23.25342829624573,77.40299989097097,2,HIGH
996,23.24897837623784,77.40175643987577,2,HIGH
997,23.24942234153456,77.40043987109058,2,HIGH
998,23.251710850126116,77.40032670568192,2,HIGH
999,23.25266236721783,77.39891958088538,2,HIGH
1000,23.25020991130935,77.40109099217128,2,HIGH
1001,23.249338748181405,77.40326662134973,2,HIGH
1002,23.24814658111439,77.39928195865502,2,HIGH
1003,23.24975746958209,77.39697396633902,2,HIGH
1004,23.24630125547209,77.39828818677093,2,HIGH
1005,23.25082034135794,77.39532864151344,2,HIGH
1006,23.253436345598892,77.40283849851585,2,HIGH
1007,23.2503706211336,77.4009224746472,2,HIGH
1008,23.250276709921565,77.40083853590602,2,HIGH
1009,23.249316705149436,77.40044493229668,2,HIGH
1010,23.251399702575885,77.39902935280398,2,HIGH
1011,23.247166887649207,77.40313326341663,2,HIGH
1012,23.251391214526834,77.39781587882493,2,HIGH
1013,23.250831419195624,77.39630015972966,2,HIGH
1014,23.248836346062134,77.39705415917868,2,HIGH
1015,23.24849449666271,77.3970416886748,2,HIGH
1016,23.24785085649681,77.40215836652106,2,HIGH
1017,23.24842465487596,77.40000330322809,2,HIGH
1018,23.247752286721703,77.3976520641514,2,HIGH
1019,23.24937906058546,77.39609137582205,2,HIGH
1020,23.2498401775185,77.39658663612563,2,HIGH
1021,23.245518135673173,77.39794829507969,2,HIGH
1022,23.247027443478828,77.39898174461702,2,HIGH
1023,23.248684470451792,77.40342116217998,2,HIGH
1024,23.253480627416785,77.39914780043478,2,HIGH
1025,23.25285488166887,77.4009209290617,2,HIGH
1026,23.252175363511892,77.40151605145871,2,HIGH
1027,23.24990875427909,77.39849456397393,2,HIGH
1028,23.24831955759446,77.4004252297229,2,HIGH
1029,23.245710340989294,77.39785574557823,2,HIGH
1030,23.25099817142094,77.4010183031816,2,HIGH
1031,23.250907560041252,77.39760537401054,2,HIGH
1032,23.250808548975357,77.40120858152434,2,HIGH
1033,23.24930488013993,77.4045622626218,2,HIGH
1034,23.25176813692985,77.40057994946959,2,HIGH
1035,23.25147354392534,77.4014213324315,2,HIGH
1036,23.249069525508947,77.40098894885733,2,HIGH
1037,23.248006805697617,77.39747835639585,2,HIGH
1038,23.24654128458037,77.39835715533899,2,HIGH
1039,23.252091358433095,77.4020423202193,2,HIGH
1040,23.24576604889302,77.39795252704457,2,HIGH
1041,23.251022134775784,77.39932765933803,2,HIGH
1042,23.25070047933019,77.4025883912128,2,HIGH
1043,23.247561941896688,77.40191265830316,2,HIGH
1044,23.250807882687816,77.40289960110778,2,HIGH
1045,23.249730875049472,77.40546916435369,2,HIGH
1046,23.24770471643271,77.40149424375817,2,HIGH
1047,23.24888904266737,77.4000547773763,2,HIGH
1048,23.251555204470858,77.40117008826844,2,HIGH
1049,23.25168823422044,77.39828027022806,2,HIGH
1050,23.248528579389905,77.400199736395,2,HIGH
1051,23.237157936774544,77.41719671736104,3,HIGH
1052,23.240726554688095,77.41990260223102,3,HIGH
1053,23.239471129964805,77.41897296498874,3,HIGH
1054,23.237209014179943,77.41978899371345,3,HIGH
1055,23.239998676280205,77.42048663244626,3,HIGH
1056,23.237264950045656,77.42092275454475,3,HIGH
1057,23.238443781135963,77.41626882644427,3,HIGH
1058,23.24145274867713,77.4182934488839,3,HIGH
1059,23.240068687994302,77.42137622790545,3,HIGH
1060,23.236210848414053,77.4184307947222,3,HIGH
1061,23.243484363075105,77.41875817051383,3,HIGH
1062,23.240790643170573,77.41906880124695,3,HIGH
1063,23.23880323293869,77.42019894913642,3,HIGH
1064,23.23876598295012,77.42177708693022,3,HIGH
1065,23.239889824818707,77.42107901150618,3,HIGH
1066,23.242585791623263,77.42342299134863,3,HIGH
1067,23.24318962236957,77.42101425265079,3,HIGH
1068,23.239331480062823,77.4202148560694,3,HIGH
1069,23.240161466036124,77.41968833002443,3,HIGH
1070,23.239656108830715,77.41876445467858,3,HIGH
1071,23.23993838348134,77.42045060382131,3,HIGH
1072,23.240652043087444,77.42065688269328,3,HIGH
1073,23.240380660478596,77.42447570146861,3,HIGH
1074,23.24120769317282,77.41908478550847,3,HIGH
1075,23.242960137053043,77.42002573041002,3,HIGH
1076,23.23800567107364,77.41987102356153,3,HIGH
1077,23.241946385236915,77.41727741023114,3,HIGH
1078,23.241550411736977,77.41714230529713,3,HIGH
1079,23.24144685378352,77.42241663132849,3,HIGH
1080,23.23728068137185,77.41856542355158,3,HIGH
1081,23.242842159578576,77.41883588044372,3,HIGH
1082,23.23791783919983,77.42107556440898,3,HIGH
1083,23.242197647552217,77.41700491949784,3,HIGH
1084,23.24360319974704,77.42025258973946,3,HIGH
1085,23.23902326173396,77.4168766454342,3,HIGH
1086,23.236670117722156,77.41878495904915,3,HIGH
1087,23.24032899704331,77.42107762716664,3,HIGH
1088,23.23998706887925,77.42409787821919,3,HIGH
1089,23.240670533758703,77.41643289414006,3,HIGH
1090,23.238516788815637,77.41663890522403,3,HIGH
1091,23.239947002206517,77.41854044089106,3,HIGH
1092,23.239648591055374,77.42053962124446,3,HIGH
1093,23.24062259014337,77.42012495096557,3,HIGH
1094,23.239700611297415,77.41913805625784,3,HIGH
1095,23.23903430075824,77.42116622422954,3,HIGH
1096,23.24059629920666,77.4189674226997,3,HIGH
1097,23.241812479028113,77.42140359504008,3,HIGH
1098,23.238454073049382,77.41800079119525,3,HIGH
1099,23.237901659675764,77.42014961475395,3,HIGH
1100,23.242184024915183,77.42433801434778,3,HIGH
1101,23.239137722753537,77.4203953837044,3,HIGH
1102,23.237229179236213,77.42046161269003,3,HIGH
1103,23.241515574400943,77.42103101088605,3,HIGH
1104,23.239955039855193,77.41785616486776,3,HIGH
1105,23.236752023802715,77.41641053449709,3,HIGH
1106,23.243902345451996,77.41825415298722,3,HIGH
1107,23.236110339227285,77.42013831769447,3,HIGH
1108,23.23707779584673,77.4164118342131,3,HIGH
1109,23.2388060891819,77.41749480964383,3,HIGH
1110,23.239657471023953,77.4211554658443,3,HIGH
1111,23.237029126692683,77.42448964343383,3,HIGH
1112,23.241278949140508,77.4207669519196,3,HIGH
1113,23.23844165431607,77.42155312925199,3,HIGH
1114,23.236592147437456,77.4245397734177,3,HIGH
1115,23.24130182849085,77.41779952953199,3,HIGH
1116,23.241313526298292,77.42121714098315,3,HIGH
1117,23.24566034421754,77.42149342892561,3,HIGH
1118,23.243254519565745,77.41956017506818,3,HIGH
1119,23.240658629505777,77.41797399880392,3,HIGH
1120,23.23802087024139,77.42336458026523,3,HIGH
1121,23.236346939679866,77.42048998582354,3,HIGH
1122,23.24251997332298,77.42183976218494,3,HIGH
1123,23.240784329537615,77.41595170765065,3,HIGH
1124,23.23869254210568,77.42279509774093,3,HIGH
1125,23.23720256190145,77.42041482564332,3,HIGH
1126,23.239276327059123,77.42046373286007,3,HIGH
1127,23.23792353680924,77.41775911319208,3,HIGH
1128,23.242176359903635,77.41807431637783,3,HIGH
1129,23.236322904989535,77.41828300694239,3,HIGH
1130,23.237712855233656,77.42111460790532,3,HIGH
1131,23.23967464562236,77.41883082290494,3,HIGH
1132,23.238108022053485,77.41934780761073,3,HIGH
1133,23.23910612299002,77.4186580780255,3,HIGH
1134,23.23573299240056,77.42246505695323,3,HIGH
1135,23.238332494803764,77.42068593347723,3,HIGH
1136,23.24109048966596,77.42207774089908,3,HIGH
1137,23.241041022228583,77.41935834511683,3,HIGH
1138,23.241287710802776,77.42295269577494,3,HIGH
1139,23.24323759248703,77.41866781905622,3,HIGH
1140,23.2396971558908,77.42174731508709,3,HIGH
1141,23.239802627549903,77.4222765367904,3,HIGH
1142,23.24083505679249,77.42069520445355,3,HIGH
1143,23.24354464125651,77.42579156063685,3,HIGH
1144,23.24041296089902,77.41680788549948,3,HIGH
1145,23.24195304962631,77.42005418737263,3,HIGH
1146,23.243043749818796,77.42145081177166,3,HIGH
1147,23.239270941462692,77.42468776529546,3,HIGH
1148,23.234746403603417,77.42233700666611,3,HIGH
1149,23.239062313159742,77.4156076056392,3,HIGH
1150,23.242728607476327,77.42170025332338,3,HIGH
1151,23.23936868916775,77.42189025657788,3,HIGH
1152,23.241022013001228,77.42131271110765,3,HIGH
1153,23.241036084470323,77.42051857838077,3,HIGH
1154,23.23840385034062,77.4205570731808,3,HIGH
1155,23.239382800673937,77.42085434536507,3,HIGH
1156,23.236043586910167,77.41905100956461,3,HIGH
1157,23.239581734365142,77.41974820143436,3,HIGH
1158,23.237397893415817,77.41849141317549,3,HIGH
1159,23.24129405986421,77.42089320511081,3,HIGH
1160,23.243282574437504,77.42328319818611,3,HIGH
1161,23.23810550323562,77.42006695257311,3,HIGH
1162,23.23972225861181,77.42101397950607,3,HIGH
1163,23.240099780662412,77.41944472474202,3,HIGH
1164,23.241739718927015,77.4207518554176,3,HIGH
1165,23.24058580598918,77.41865438203138,3,HIGH
1166,23.242199354494584,77.4194959730213,3,HIGH
1167,23.2411214291269,77.41810950337066,3,HIGH
1168,23.23950204681123,77.41857469432782,3,HIGH
1169,23.238765866669077,77.42094425655826,3,HIGH
1170,23.23823867781936,77.41676166087169,3,HIGH
1171,23.240994270464657,77.42143380381906,3,HIGH
1172,23.241332965379705,77.41991359865723,3,HIGH
1173,23.236962406252516,77.42043085375315,3,HIGH
1174,23.239787184319713,77.41572427990806,3,HIGH
1175,23.24353209907822,77.41811323436286,3,HIGH
1176,23.24183416200584,77.42206914084474,3,HIGH
1177,23.24067420458462,77.42205598592486,3,HIGH
1178,23.240031065972065,77.42119914470709,3,HIGH
1179,23.24134159891105,77.41953923174665,3,HIGH
1180,23.24130919633735,77.42349926539434,3,HIGH
1181,23.240567569455788,77.4161762500667,3,HIGH
1182,23.24053419957111,77.41858360204415,3,HIGH
1183,23.24376544120271,77.41995076216119,3,HIGH
1184,23.23834231733448,77.41853072331176,3,HIGH
1185,23.240208032894905,77.41972321788005,3,HIGH
1186,23.239849907185995,77.41917285095354,3,HIGH
1187,23.23961836170205,77.42001805493881,3,HIGH
1188,23.23937205437147,77.42114502151966,3,HIGH
1189,23.238729909500776,77.41864174219673,3,HIGH
1190,23.241011333702858,77.41811568749412,3,HIGH
1191,23.23790813837736,77.41936212994824,3,HIGH
1192,23.241137827267252,77.42236791752894,3,HIGH
1193,23.239798283288728,77.42065968335416,3,HIGH
1194,23.243209315720783,77.41440661306416,3,HIGH
1195,23.237624507684217,77.42154581573755,3,HIGH
1196,23.23803607424168,77.42046206183544,3,HIGH
1197,23.239977120154578,77.425001893389,3,HIGH
1198,23.239443066971095,77.41928576280189,3,HIGH
1199,23.24141146806381,77.41949407948715,3,HIGH
1200,23.2419684325062,77.42133095917579,3,HIGH
1201,23.24342549508419,77.42001181466311,3,HIGH
1202,23.24086807823949,77.41822920848173,3,HIGH
1203,23.240515648965506,77.421726339616,3,HIGH
1204,23.237311720362545,77.42504084691377,3,HIGH
1205,23.24014267717542,77.41683741237104,3,HIGH
1206,23.24034636258572,77.4196821235001,3,HIGH
1207,23.240062848166236,77.42111055941882,3,HIGH
1208,23.242943126308013,77.41890374656941,3,HIGH
1209,23.23895458372895,77.41574122451459,3,HIGH
1210,23.24189960388549,77.4207918829626,3,HIGH
1211,23.24067074313908,77.41659322752648,3,HIGH
1212,23.23915895072907,77.4215386591654,3,HIGH
1213,23.236518264769707,77.41766556039214,3,HIGH
1214,23.23636320918017,77.41914429419766,3,HIGH
1215,23.243730003730075,77.42095429617474,3,HIGH
1216,23.24068979266365,77.41799768237547,3,HIGH
1217,23.240502933352857,77.4174754207105,3,HIGH
1218,23.23452597742461,77.41841682402527,3,HIGH
1219,23.241732006525872,77.41713443395254,3,HIGH
1220,23.23865014175923,77.42127843911076,3,HIGH
1221,23.23907349467868,77.42107632109422,3,HIGH
1222,23.242256268686702,77.41974895896003,3,HIGH
1223,23.24287577297198,77.41925862523718,3,HIGH
1224,23.23920380023126,77.41703084115328,3,HIGH
1225,23.238885194379773,77.42113953460138,3,HIGH
1226,23.244130575546727,77.42138962627455,3,HIGH
1227,23.24052721498576,77.41881792601048,3,HIGH
1228,23.239728673884574,77.42270355671481,3,HIGH
1229,23.24058406081692,77.41981487546367,3,HIGH
1230,23.237995834142644,77.4229179317941,3,HIGH
1231,23.24376884189328,77.41961916007706,3,HIGH
1232,23.23854422006659,77.4185911243088,3,HIGH
1233,23.23812360908566,77.41894753902702,3,HIGH
1234,23.243218327284087,77.41856433049621,3,HIGH
1235,23.242052264400183,77.4208240668795,3,HIGH
1236,23.24249727071796,77.42391167361494,3,HIGH
1237,23.23833085328868,77.42014865451696,3,HIGH
1238,23.239226798616208,77.41805819489589,3,HIGH
1239,23.240608873611308,77.42127961252467,3,HIGH
1240,23.2356913485825,77.41780485560967,3,HIGH
1241,23.24124082037709,77.41986785003198,3,HIGH
1242,23.238884467369765,77.4179477315255,3,HIGH
1243,23.23836783412072,77.4219892712898,3,HIGH
1244,23.240347479069627,77.42074657052547,3,HIGH
1245,23.240204775859574,77.42143621106102,3,HIGH
1246,23.241473453574475,77.41615576202081,3,HIGH
1247,23.24121130108986,77.42111662414897,3,HIGH
1248,23.240186601743993,77.42171629591685,3,HIGH
1249,23.238831728558065,77.41965988338775,3,HIGH
1250,23.240765320578483,77.41945574889,3,HIGH
1251,23.239625851161495,77.41785052937671,3,HIGH
1252,23.239681147586232,77.42148560271109,3,HIGH
1253,23.238198891476863,77.42069103528708,3,HIGH
1254,23.237698569186193,77.42243351526058,3,HIGH
1255,23.240876378407503,77.42067374671313,3,HIGH
1256,23.238465710334136,77.42134331970803,3,HIGH
1257,23.240158475602847,77.41758504665064,3,HIGH
1258,23.237355256682346,77.42184390334764,3,HIGH
1259,23.238078648841142,77.42299644469858,3,HIGH
1260,23.23791745697957,77.41912339997658,3,HIGH
1261,23.242410530417875,77.41744849812603,3,HIGH
1262,23.23695513555769,77.41499400198416,3,HIGH
1263,23.243260594993423,77.42515092275329,3,HIGH
1264,23.243185388898397,77.42305298150517,3,HIGH
1265,23.237804535274808,77.42149208755963,3,HIGH
1266,23.243140004932528,77.41762136879278,3,HIGH
1267,23.239308675492012,77.41915238125782,3,HIGH
1268,23.23748525090327,77.4201455020591,3,HIGH
1269,23.23953921100596,77.42297857695038,3,HIGH
1270,23.24277884618964,77.4161696504602,3,HIGH
1271,23.237095089130893,77.42018683191037,3,HIGH
1272,23.24064597065996,77.41991483694606,3,HIGH
1273,23.238319802119648,77.4217973129074,3,HIGH
1274,23.23962779080239,77.42048019371873,3,HIGH
1275,23.240327431838665,77.42206708754827,3,HIGH
1276,23.23974777179218,77.41685020189503,3,HIGH
1277,23.2392347944313,77.4207580935402,3,HIGH
1278,23.23817865525935,77.42264886455185,3,HIGH
1279,23.236990095680955,77.4190169004191,3,HIGH
1280,23.23968565053404,77.42096905502987,3,HIGH
1281,23.24001238286659,77.42134576102792,3,HIGH
1282,23.238376925636697,77.41731979404783,3,HIGH
1283,23.237678458383403,77.41638572430139,3,HIGH
1284,23.23862879219843,77.42173105844866,3,HIGH
1285,23.24035820396685,77.41827100915899,3,HIGH
1286,23.239689235133845,77.41789248720283,3,HIGH
1287,23.239874714911455,77.4183244552397,3,HIGH
1288,23.238061666818055,77.41855894162185,3,HIGH
1289,23.23816465814966,77.42284406749934,3,HIGH
1290,23.241125565289533,77.41930000706172,3,HIGH
1291,23.23765430805152,77.42432953014418,3,HIGH
1292,23.2434658794609,77.42255799971718,3,HIGH
1293,23.240356380469493,77.42103858087384,3,HIGH
1294,23.241170498890583,77.42081888750333,3,HIGH
1295,23.241134279626987,77.42301587206778,3,HIGH
1296,23.238900123455043,77.42073598162222,3,HIGH
1297,23.242089611383268,77.41954775525414,3,HIGH
1298,23.24256978687991,77.41830297270216,3,HIGH
1299,23.24027804780177,77.42048218020098,3,HIGH
1300,23.24074262578199,77.42064835188567,3,HIGH
1301,23.244013193119574,77.42227259394596,3,HIGH
1302,23.242634659684224,77.40013654768886,4,MEDIUM
1303,23.23891786564676,77.43844515539206,-1,HIGH
1304,23.238778152230463,77.43259864935762,-1,HIGH
1305,23.23867805509093,77.43750670742871,-1,HIGH
1306,23.2866226645315,77.42004985253433,-1,HIGH
1307,23.27841636080594,77.39587445678588,-1,HIGH
1308,23.239067053280337,77.40348473961167,-1,HIGH
1309,23.25128992488196,77.41472618499797,-1,HIGH
1310,23.239862455846087,77.4102970192225,-1,HIGH
1311,23.27716016556436,77.38640909506299,5,HIGH
1312,23.257587851677343,77.39019378436812,-1,HIGH
1313,23.230361337143723,77.39310738074401,-1,HIGH
1314,23.28168214911543,77.39968566175561,6,MEDIUM
1315,23.250032275012977,77.41649990767633,-1,HIGH
1316,23.239617443895114,77.38845424831977,-1,HIGH
1317,23.23248899502738,77.43964496020683,7,HIGH
1318,23.251472559780197,77.39776888973036,2,HIGH
1319,23.239978294773056,77.39273930344119,-1,HIGH
1320,23.257421920276283,77.4351161965996,8,MEDIUM
1321,23.245272841544004,77.41014965915075,24,MEDIUM
1322,23.28265746448509,77.42557504806949,-1,HIGH
1323,23.231767298410176,77.40929794005264,-1,HIGH
1324,23.234997210368757,77.39889614362652,-1,HIGH
1325,23.252236362274317,77.39141664613064,2,HIGH
1326,23.233330486275904,77.44059502679072,7,HIGH
1327,23.287719377493783,77.41625572910556,-1,HIGH
1328,23.239381937316836,77.38412244770099,-1,HIGH
1329,23.231969335482027,77.39435623863062,-1,HIGH
1330,23.258354110945152,77.398682787132,-1,HIGH
1331,23.23994724832711,77.4206589964476,3,HIGH
1332,23.240208511453357,77.39473190404571,-1,HIGH
1333,23.28102724514574,77.41437664792764,25,MEDIUM
1334,23.25885504724829,77.38409251388943,-1,HIGH
1335,23.249810617267535,77.3989654753117,2,HIGH
1336,23.254047153903812,77.38602044531946,14,MEDIUM
1337,23.258967759196157,77.39632075997713,9,HIGH
1338,23.264688227638366,77.42424519964617,10,MEDIUM
1339,23.249302531071702,77.43824787323605,-1,HIGH
1340,23.27217864883207,77.40553705560019,11,MEDIUM
1341,23.262883615960774,77.4134451903786,0,HIGH
1342,23.2373075865329,77.4219098981219,3,HIGH
1343,23.270573605017155,77.38623901589497,13,MEDIUM
1344,23.24274365163952,77.43249152883955,12,MEDIUM
1345,23.269113409745767,77.38555799634948,13,MEDIUM
1346,23.252120914330508,77.38644242462395,14,MEDIUM
1347,23.236619909603014,77.39162552058123,-1,HIGH
1348,23.23464386325241,77.44005132877345,7,HIGH
1349,23.23845406724933,77.41740255484046,3,HIGH
1350,23.284562370340534,77.39667378217398,19,MEDIUM
1351,23.269902252702103,77.39853589132474,-1,HIGH
1352,23.274905079655735,77.39226781554191,-1,HIGH
1353,23.23937231927426,77.40592497250572,15,MEDIUM
1354,23.266713061060702,77.38265904401801,-1,HIGH
1355,23.24975100467386,77.43482402731875,-1,HIGH
1356,23.285554837757843,77.43581114135773,-1,HIGH
1357,23.266949799783795,77.41588564915743,0,HIGH
1358,23.251381942067653,77.40318270936791,2,HIGH
1359,23.287196147153924,77.39938143271914,16,MEDIUM
1360,23.260815867482552,77.39676367635346,9,HIGH
1361,23.239176460621856,77.38629061729571,-1,HIGH
1362,23.231941840177857,77.42220994904334,-1,HIGH
1363,23.25995378450766,77.41471473186911,0,HIGH
1364,23.26452630421794,77.40731085084228,0,HIGH
1365,23.258801083768084,77.41117922557437,0,HIGH
1366,23.24620008772505,77.40193700967893,2,HIGH
1367,23.236114846012807,77.42937264652252,-1,HIGH
1368,23.268946349364494,77.43125453997511,1,HIGH
1369,23.23847605941221,77.42919262752118,-1,HIGH
1370,23.2571499904733,77.40300576864166,-1,HIGH
1371,23.285827646535143,77.41098812968404,-1,HIGH
1372,23.267199180080127,77.43466228756971,1,HIGH
1373,23.278492258151378,77.39308879384402,17,MEDIUM
1374,23.268769746476732,77.38862524618388,-1,HIGH
1375,23.26463937086302,77.43365295530502,1,HIGH
1376,23.233491072274973,77.38468776876496,21,MEDIUM
1377,23.233861325693464,77.39117077103855,-1,HIGH
1378,23.26448864702341,77.40207743458492,-1,HIGH
1379,23.28180961456478,77.40153697023129,6,MEDIUM
1380,23.266358007461132,77.42330967762886,10,MEDIUM
1381,23.265083654433063,77.43700720036013,-1,HIGH
1382,23.26949146930767,77.38931203776575,-1,HIGH
1383,23.236822036649095,77.38379469464734,-1,HIGH
1384,23.271084658243037,77.41985799489882,-1,HIGH
1385,23.26293095836057,77.41806066988912,-1,HIGH
1386,23.248118376538713,77.44144076948194,-1,HIGH
1387,23.241987420694976,77.41182081998281,3,HIGH
1388,23.263763817393503,77.40785941938691,0,HIGH
1389,23.275645719514596,77.43412154788157,1,HIGH
1390,23.232778988989818,77.4294801839779,-1,HIGH
1391,23.24814881683299,77.38663352474765,-1,HIGH
1392,23.255303159482043,77.38994429177689,-1,HIGH
1393,23.2674144220665,77.38557730770282,13,MEDIUM
1394,23.267945392359746,77.43830427446323,-1,HIGH
1395,23.249778330325935,77.40529979501754,2,HIGH
1396,23.24913103046905,77.40898598199932,-1,HIGH
1397,23.265497409049697,77.39717541157414,-1,HIGH
1398,23.24712745177014,77.42656147699002,-1,HIGH
1399,23.23318634803747,77.43915470754949,7,HIGH
1400,23.23086795915428,77.42481720335532,-1,HIGH
1401,23.256755518870342,77.43949513412018,18,HIGH
1402,23.256697844835323,77.43835748714807,18,HIGH
1403,23.235259607844498,77.40169820799235,-1,HIGH
1404,23.25091295152958,77.44086999781149,-1,HIGH
1405,23.268949896723058,77.40516953489414,11,MEDIUM
1406,23.27178986125355,77.38424572506266,-1,HIGH
1407,23.27724187452098,77.39838459260221,-1,HIGH
1408,23.259133651132107,77.40103876521162,-1,HIGH
1409,23.265290109616124,77.39958379149908,-1,HIGH
1410,23.281113244864624,77.40101974564773,6,MEDIUM
1411,23.26779901074336,77.42500690811457,1,HIGH
1412,23.252435958095447,77.43451834170182,-1,HIGH
1413,23.24139075292216,77.41714043797909,3,HIGH
1414,23.230946154106725,77.39241840956214,-1,HIGH
1415,23.269863257848577,77.42443969258998,1,HIGH
1416,23.27766666893246,77.40587967928285,-1,HIGH
1417,23.26343737570117,77.39135563191267,-1,HIGH
1418,23.242710812038627,77.38623664874942,-1,HIGH
1419,23.24257349682652,77.43523159373446,-1,HIGH
1420,23.276957415628832,77.42949789533705,1,HIGH
1421,23.26112846429901,77.3985905741883,9,HIGH
1422,23.286177539100663,77.4295208552259,-1,HIGH
1423,23.28900110771891,77.40737607819197,-1,HIGH
1424,23.27063882447794,77.40593303099149,11,MEDIUM
1425,23.25027315633303,77.44168016844566,-1,HIGH
1426,23.279743931555274,77.38739279536664,-1,HIGH
1427,23.28457633717376,77.39253741714965,-1,HIGH
1428,23.258145018303335,77.44089634329612,18,HIGH
1429,23.260660821850134,77.41142822772068,0,HIGH
1430,23.23012776682755,77.41909996245985,-1,HIGH
1431,23.282149402595294,77.39515341396641,19,MEDIUM
1432,23.272606616565184,77.43187432901966,1,HIGH
1433,23.264443995447618,77.42261103071675,10,MEDIUM
1434,23.258294368458856,77.41427492180199,0,HIGH
1435,23.25575125338925,77.434610974053,8,MEDIUM
1436,23.243833101285755,77.40387907742928,2,HIGH
1437,23.273653725641463,77.43077700081612,1,HIGH
1438,23.280497047705214,77.43682307283676,-1,HIGH
1439,23.25978917999598,77.39111789776807,-1,HIGH
1440,23.23703545889505,77.38755035872103,-1,HIGH
1441,23.242642312278512,77.3881643490947,-1,HIGH
1442,23.233195003866182,77.40211070750146,-1,HIGH
1443,23.254595838231232,77.3829739587944,-1,HIGH
1444,23.24592212372689,77.44188622133339,-1,HIGH
1445,23.28756675608902,77.43587735364754,-1,HIGH
1446,23.2525952253537,77.40647187246066,-1,HIGH
1447,23.28069592813589,77.422641630665,-1,HIGH
1448,23.25044014588191,77.42207206846416,20,HIGH
1449,23.28767053546765,77.4031235201283,-1,HIGH
1450,23.251747241348795,77.40042068411863,2,HIGH
1451,23.272490124367412,77.42515750791031,1,HIGH
1452,23.23462240037997,77.38773260540553,21,MEDIUM
1453,23.279653726927343,77.38418556666265,5,HIGH
1454,23.231991629397687,77.44028782548276,7,HIGH
1455,23.271450331122697,77.39379701608296,-1,HIGH
1456,23.24208817765663,77.39842037972517,4,MEDIUM
1457,23.27973957219948,77.39167591565766,17,MEDIUM
1458,23.283108612537408,77.42631805999086,-1,HIGH
1459,23.274980885347187,77.40782041118624,-1,HIGH
1460,23.27810666982019,77.38587507475773,5,HIGH
1461,23.25664762389063,77.42863258928759,-1,HIGH
1462,23.246140484612273,77.41869560038481,-1,HIGH
1463,23.27480051482019,77.40950772144093,-1,HIGH
1464,23.288784322430345,77.38909453358023,-1,HIGH
1465,23.28227734170751,77.41683809264562,-1,HIGH
1466,23.231903230202263,77.38978313299228,-1,HIGH
1467,23.251113185405895,77.42056590055093,20,HIGH
1468,23.282594704439845,77.41673282361388,-1,HIGH
1469,23.251782772660448,77.3935813748277,2,HIGH
1470,23.244193702664884,77.43321727076368,12,MEDIUM
1471,23.247356386456985,77.3885093652648,-1,HIGH
1472,23.247027535057825,77.40829209042242,24,MEDIUM
1473,23.27535618610732,77.38728869652631,5,HIGH
1474,23.238784962469428,77.43208346124841,-1,HIGH
1475,23.28712256034287,77.4060012956987,22,MEDIUM
1476,23.27967418635194,77.3848337170883,5,HIGH
1477,23.237162581515772,77.41047946384737,23,MEDIUM
1478,23.240585883936475,77.40563467732967,15,MEDIUM
1479,23.25092732978536,77.42402829822396,20,HIGH
1480,23.251285230234345,77.3920062038492,2,HIGH
1481,23.237639842642093,77.40081135566945,-1,HIGH
1482,23.2373102546079,77.42038274340143,3,HIGH
1483,23.233609381440537,77.38864172326649,21,MEDIUM
1484,23.285052262108067,77.42756621288763,-1,HIGH
1485,23.269871366458823,77.39563565346812,-1,HIGH
1486,23.25694504128427,77.43574429269653,8,MEDIUM
1487,23.230926544711615,77.44072284380812,7,HIGH
1488,23.2631755570782,77.39637058629762,-1,HIGH
1489,23.273342449516797,77.38569533707333,-1,HIGH
1490,23.242552509067135,77.42499613365365,3,HIGH
1491,23.237021637330113,77.39146300618256,-1,HIGH
1492,23.233817127832708,77.38640654887752,21,MEDIUM
1493,23.23484024027418,77.40531269305909,-1,HIGH
1494,23.262387839772675,77.42587608483682,-1,HIGH
1495,23.28171102222235,77.39691281002952,19,MEDIUM
1496,23.277647268115395,77.39228679425,17,MEDIUM
1497,23.2426148385248,77.40896484156039,-1,HIGH
1498,23.243053120423426,77.41260253989665,3,HIGH
1499,23.28319920088683,77.38700959168953,-1,HIGH
1500,23.27286032228927,77.40569717208567,11,MEDIUM
1501,23.2633730520519,77.4061407680278,0,HIGH
1502,23.28377476569539,77.40850328292092,-1,HIGH
1503,23.24622356759587,77.40904374481215,24,MEDIUM
1504,23.274869880151464,77.44104629930709,-1,HIGH
1505,23.26741540961469,77.437331703665,-1,HIGH
1506,23.267931427197308,77.42262045397406,10,MEDIUM
1507,23.2313391087793,77.41430415874653,-1,HIGH
1508,23.254649412447645,77.43836164080417,-1,HIGH
1509,23.25417249171028,77.40485168400629,2,HIGH
1510,23.254289155379336,77.40351948165203,2,HIGH
1511,23.24986096848008,77.4203667011266,20,HIGH
1512,23.257276823325988,77.43903060987795,18,HIGH
1513,23.237384497405287,77.4182152849367,3,HIGH
1514,23.28539516115963,77.43077800630705,-1,HIGH
1515,23.244754930586105,77.42856234164567,-1,HIGH
1516,23.254546416493604,77.43148464062304,-1,HIGH
1517,23.246129971701873,77.42630013367501,-1,HIGH
1518,23.252051013644703,77.38769175838824,14,MEDIUM
1519,23.23541081422965,77.41127547476808,23,MEDIUM
1520,23.265214060899883,77.41439593031329,0,HIGH
1521,23.240847520603424,77.42069330903617,3,HIGH
1522,23.283172296246377,77.39618586773554,19,MEDIUM
1523,23.286565157120044,77.4058958700971,22,MEDIUM
1524,23.267956471859794,77.44047522679321,-1,HIGH
1525,23.2394697770566,77.41002960482548,-1,HIGH
1526,23.249343322083803,77.42047286591387,20,HIGH
1527,23.27970865629231,77.41415933105127,25,MEDIUM
1528,23.282381916956307,77.39299638473716,-1,HIGH
1529,23.23664984138488,77.38861501862068,-1,HIGH
1530,23.24340859059812,77.4003851299965,4,MEDIUM
1531,23.288836924556374,77.38680694211344,-1,HIGH
1532,23.27381389557867,77.39815133473404,-1,HIGH
1533,23.28679654613176,77.43857305277078,26,MEDIUM
1534,23.23195509784134,77.40465151554201,-1,HIGH
1535,23.273685824519248,77.41879730980487,-1,HIGH
1536,23.272592410537897,77.38953814385232,-1,HIGH
1537,23.287679529802304,77.41824080347008,-1,HIGH
1538,23.232968523165223,77.43689990638967,-1,HIGH
1539,23.281964780211364,77.4347525472707,-1,HIGH
1540,23.237145335196264,77.41106722893299,23,MEDIUM
1541,23.28382808970897,77.43786753018571,-1,HIGH
1542,23.28018248751644,77.42075136350655,-1,HIGH
1543,23.276542723176192,77.38792318987058,5,HIGH
1544,23.261368750581948,77.42091349091827,-1,HIGH
1545,23.237878580268436,77.428189308669,-1,HIGH
1546,23.28499901562305,77.386435424404,-1,HIGH
1547,23.242714792394924,77.42147462492089,3,HIGH
1548,23.237225918845965,77.44207650929009,-1,HIGH
1549,23.24236994711687,77.43209395768434,12,MEDIUM
1550,23.23077764335597,77.43733678633889,-1,HIGH
1551,23.258183859644337,77.43311203375615,-1,HIGH
1552,23.25790281741108,77.43945243448357,18,HIGH
1553,23.274495184849407,77.40010235138936,-1,HIGH
1554,23.26458108456376,77.40960741010512,0,HIGH
1555,23.277907795488755,77.44071182939322,-1,HIGH
1556,23.24745783668684,77.38954364800365,-1,HIGH
1557,23.241184249890537,77.38361776727218,-1,HIGH
1558,23.240660490386556,77.43015035952672,-1,HIGH
1559,23.240861055974673,77.4393738749699,-1,HIGH
1560,23.239610124909696,77.40665605702486,15,MEDIUM
1561,23.235471136646936,77.43365739788025,-1,HIGH
1562,23.239694323071472,77.42608056609502,3,HIGH
1563,23.28764065530344,77.3988622771565,16,MEDIUM
1564,23.250513900127572,77.4238521229709,20,HIGH
1565,23.241483180714365,77.44102565438727,-1,HIGH
1566,23.255863370701423,77.42105631196331,-1,HIGH
1567,23.232938966709305,77.43152780704942,-1,HIGH
1568,23.285598914808915,77.39986090548483,16,MEDIUM
1569,23.24027363596897,77.39182377442616,-1,HIGH
1570,23.27300302316152,77.43365177002534,1,HIGH
1571,23.261908459841276,77.40023688593756,9,HIGH
1572,23.241200903106808,77.42223380519829,3,HIGH
1573,23.28465360030652,77.38913519092759,-1,HIGH
1574,23.25427873339476,77.43834246784884,-1,HIGH
1575,23.259667323803335,77.41226180426759,0,HIGH
1576,23.28131782443637,77.44116590405841,-1,HIGH
1577,23.260981376989875,77.39363545335148,-1,HIGH
1578,23.24073903356657,77.40698278908535,15,MEDIUM
1579,23.28514655666609,77.40593808867422,22,MEDIUM
1580,23.281176092655585,77.40483494524068,-1,HIGH
1581,23.275980456870705,77.39109676936492,-1,HIGH
1582,23.25538211487611,77.43134042822348,-1,HIGH
1583,23.28920437730719,77.43903869496779,26,MEDIUM
1584,23.27780610352856,77.38846806205393,5,HIGH
1585,23.27924143682816,77.41334328151312,25,MEDIUM
1586,23.287358629643485,77.42364332747258,-1,HIGH
1587,23.258470506738284,77.39490855439443,9,HIGH
1588,23.284193268806547,77.38941463898695,-1,HIGH
1589,23.266398257713487,77.43311489218189,1,HIGH
1590,23.27872394813052,77.38371381844115,5,HIGH
1591,23.273521774530543,77.39784047729204,-1,HIGH
1592,23.236139334345996,77.43945064650445,7,HIGH
1593,23.266238607748058,77.41536236612161,0,HIGH
1594,23.2849756560256,77.44190853228207,-1,HIGH
1595,23.278115255318745,77.4166602573316,-1,HIGH
1596,23.24942090729243,77.38671510088757,-1,HIGH
1597,23.288476256078336,77.4386460239387,26,MEDIUM
1598,23.242843619352843,77.42796199852167,-1,HIGH
1599,23.27132235408449,77.43062763557919,1,HIGH
1600,23.26734315129705,77.40862023031987,-1,HIGH
